fund_symbol,fund_extended_name,inception_date,investment_type,size_type,top10_holdings,net_asset_value,fund_return_ytd,fund_return_10years
XLY,Consumer Discretionary Select Sector SPDR Fund,12/16/1998,Growth,Large,"Amazon.com Inc: 22.75, The Home Depot Inc: 12.03, McDonald's Corp: 6.64, Nike Inc B: 6.27, Lowe's Companies Inc: 4.46, Starbucks Corp: 4.31, Target Corp: 3.23, Booking Holdings Inc: 2.82, TJX Companies Inc: 2.58, Dollar General Corp: 2.20",15410000000,15.06,16.71
1646,Daiwa ETF TOPIX-17 Commercial & Whls,7/22/2008,Value,Large,"Mitsubishi Corp: 18.39, Mitsui & Co Ltd: 12.81, ITOCHU Corp: 12.69, Sumitomo Corp: 8.35, Marubeni Corp: 7.45, Toyota Tsusho Corp: 3.78, Alfresa Holdings Corp: 2.75, MISUMI Group Inc: 2.34, Suzuken Co Ltd: 2.17, Medipal Holdings Corp: 2.15",849000000,-3.14,12.87
1641,Daiwa ETF TOPIX-17 Machinery,7/22/2008,Blend,Large,"Daikin Industries Ltd: 15.35, Komatsu Ltd: 11.51, SMC Corp: 8.90, Kubota Corp: 8.25, Mitsubishi Heavy Industries Ltd: 5.77, Makita Corp: 4.08, IHI Corp: 2.73, Daifuku Co Ltd: 2.32, Hoshizaki Corp: 2.24, NSK Ltd: 1.98",675000000,-13.83,12.31
ONEQ,Fidelity NASDAQ Composite Index Tracking Stock Fund,9/25/2003,Growth,Large,"Apple Inc: 11.57, Microsoft Corp: 9.29, Amazon.com Inc: 9.21, Facebook Inc A: 3.68, Alphabet Inc Class C: 2.86, Alphabet Inc A: 2.57, Tesla Inc: 2.34, NVIDIA Corp: 1.94, Adobe Inc: 1.36, PayPal Holdings Inc: 1.34",2950000000,22.23,17.12
FDN,First Trust Dow Jones Internet Index Fund,6/19/2006,Growth,Large,"Amazon.com Inc: 9.57, Facebook Inc A: 7.32, PayPal Holdings Inc: 4.99, Netflix Inc: 4.94, Salesforce.com Inc: 4.71, Zoom Video Communications Inc: 4.50, Alphabet Inc A: 4.17, Alphabet Inc Class C: 4.10, Cisco Systems Inc: 3.89, Snap Inc Class A: 3.48",9860000000,34.42,19.08
FXH,First Trust Health Care AlphaDEX Fund,5/8/2007,Growth,Medium,"United Therapeutics Corp: 2.54, 10x Genomics Inc Ordinary Shares - Class A: 2.22, NovoCure Ltd: 2.18, Bio-Rad Laboratories Inc: 2.17, Avantor Inc: 2.02, Veeva Systems Inc Class A: 2.00, Charles River Laboratories International Inc: 1.99, Horizon Therapeutics PLC: 1.97, Livongo Health Inc: 1.97, Universal Health Services Inc Class B: 1.94",1300000000,13.28,14.82
QCLN,First Trust NASDAQ Clean Edge Green Energy Index Fund,2/8/2007,Growth,Medium,"NIO Inc ADR: 11.79, SolarEdge Technologies Inc: 6.84, Enphase Energy Inc: 6.53, Tesla Inc: 5.78, Albemarle Corp: 5.04, Brookfield Renewable Partners LP: 4.20, ON Semiconductor Corp: 4.13, First Solar Inc: 4.01, Universal Display Corp: 3.95, Cree Inc: 3.51",756570000,91.41,12.61
QQEW,First Trust NASDAQ-100 Equal Weighted Index Fund,4/19/2006,Growth,Large,"Align Technology Inc: 1.32, MercadoLibre Inc: 1.27, IDEXX Laboratories Inc: 1.21, Xilinx Inc: 1.19, Pinduoduo Inc ADR: 1.15, Automatic Data Processing Inc: 1.14, Splunk Inc: 1.14, Lam Research Corp: 1.12, Exelon Corp: 1.11, Qualcomm Inc: 1.11",883870000,15.09,14.92
QQXT,First Trust NASDAQ-100 Ex-Technology Sector Index Fund,2/8/2007,Growth,Large,"Align Technology Inc: 2.23, MercadoLibre Inc: 2.13, IDEXX Laboratories Inc: 2.05, Pinduoduo Inc ADR: 1.93, Automatic Data Processing Inc: 1.92, Exelon Corp: 1.88, Sirius XM Holdings Inc: 1.85, JD.com Inc ADR: 1.83, Lululemon Athletica Inc: 1.83, Zoom Video Communications Inc: 1.83",116490000,14.58,13.36
QTEC,First Trust NASDAQ-100-Technology Sector Index Fund,4/19/2006,Growth,Large,"Xilinx Inc: 2.99, Splunk Inc: 2.88, Lam Research Corp: 2.81, Qualcomm Inc: 2.80, KLA Corp: 2.76, Facebook Inc A: 2.72, Synopsys Inc: 2.71, Cadence Design Systems Inc: 2.70, DocuSign Inc: 2.68, Workday Inc Class A: 2.66",2830000000,16.53,17.92
FBT,First Trust NYSE Arca Biotechnology Index Fund,6/19/2006,Growth,Medium,"Exact Sciences Corp: 4.07, United Therapeutics Corp: 3.95, ACADIA Pharmaceuticals Inc: 3.85, Agios Pharmaceuticals Inc: 3.78, Ultragenyx Pharmaceutical Inc: 3.59, Ionis Pharmaceuticals Inc: 3.45, Sarepta Therapeutics Inc: 3.43, Neurocrine Biosciences Inc: 3.37, Illumina Inc: 3.36, Bio-Techne Corp: 3.35",1870000000,2.71,15.84
FXL,First Trust Technology AlphaDEX Fund,5/8/2007,Growth,Large,"Pinterest Inc: 2.49, Twilio Inc A: 1.93, Micron Technology Inc: 1.78, Cloudflare Inc: 1.74, Zoom Video Communications Inc: 1.72, HubSpot Inc: 1.69, Zscaler Inc: 1.67, Globant SA: 1.66, Apple Inc: 1.65, DocuSign Inc: 1.64",2140000000,24.08,16.36
FPX,First Trust US Equity Opportunities ETF,4/12/2006,Growth,Large,"Snap Inc Class A: 8.47, Thermo Fisher Scientific Inc: 5.67, Marvell Technology Group Ltd: 4.66, Uber Technologies Inc: 4.53, Zoom Video Communications Inc: 4.23, Fidelity National Information Services Inc: 4.12, Eli Lilly and Co: 3.27, PayPal Holdings Inc: 2.78, DocuSign Inc: 2.70, Spotify Technology SA: 2.63",1460000000,19.33,16.77
FIW,First Trust Water ETF,5/8/2007,Growth,Medium,"IDEXX Laboratories Inc: 4.33, Danaher Corp: 4.27, Algonquin Power & Utilities Corp: 4.26, Xylem Inc: 4.15, American Water Works Co Inc: 4.13, Agilent Technologies Inc: 3.90, Essential Utilities Inc: 3.78, AECOM: 3.72, Pentair PLC: 3.70, Tetra Tech Inc: 3.70",550990000,4.36,12.87
XLV,Health Care Select Sector SPDR Fund,12/16/1998,Blend,Large,"Johnson & Johnson: 9.45, UnitedHealth Group Inc: 7.59, Pfizer Inc: 5.16, Merck & Co Inc: 4.98, Thermo Fisher Scientific Inc: 4.90, Abbott Laboratories: 4.87, AbbVie Inc: 3.93, Danaher Corp: 3.79, Medtronic PLC: 3.54, Bristol-Myers Squibb Company: 3.45",22440000000,1.15,14.53
PPA,Invesco Aerospace & Defense ETF,10/26/2005,Blend,Medium,"Honeywell International Inc: 7.73, Boeing Co: 7.57, Lockheed Martin Corp: 6.94, Northrop Grumman Corp: 6.25, Raytheon Technologies Corp: 5.85, General Dynamics Corp: 4.84, L3Harris Technologies Inc: 4.53, Ball Corp: 4.51, TransDigm Group Inc: 4.02, Heico Corp: 3.83",601100000,-20.32,12.99
CQQQ,Invesco China Technology ETF,12/8/2009,Growth,Large,"Tencent Holdings Ltd: 10.43, Meituan: 9.72, Baidu Inc ADR: 8.04, Semiconductor Manufacturing International Corp: 7.44, Sunny Optical Technology (Group) Co Ltd: 5.92, GDS Holdings Ltd ADR: 4.31, Kingdee International Software Group Co Ltd: 4.10, Autohome Inc ADR: 3.89, JOYY Inc ADR: 3.60, Tencent Music Entertainment Group ADR: 3.43",1040000000,41.54,11.33
PTH,Invesco DWA Healthcare Momentum ETF,10/12/2006,Growth,Medium,"Amedisys Inc: 5.43, Danaher Corp: 5.34, Thermo Fisher Scientific Inc: 5.03, Horizon Therapeutics PLC: 4.32, Repligen Corp: 4.02, IDEXX Laboratories Inc: 3.78, West Pharmaceutical Services Inc: 3.63, Invitae Corp: 3.59, Seagen Inc Ordinary Shares: 3.30, Humana Inc: 3.19",525380000,42.6,18.56
PDP,Invesco DWA Momentum ETF,3/1/2007,Growth,Large,"Mirati Therapeutics Inc: 3.74, Apple Inc: 3.00, O'Reilly Automotive Inc: 2.56, Rollins Inc: 2.54, Five9 Inc: 2.46, West Pharmaceutical Services Inc: 2.44, Enphase Energy Inc: 2.37, Ansys Inc: 2.33, Mastercard Inc A: 2.24, Ball Corp: 2.20",1700000000,17.41,13.49
DWAQ,Invesco DWA NASDAQ Momentum ETF,5/1/2003,Growth,Medium,"Apple Inc: 3.36, Five9 Inc: 2.67, Axsome Therapeutics Inc: 2.51, NovoCure Ltd: 2.24, eHealth Inc: 2.22, Eldorado Resorts Inc: 2.19, Casella Waste Systems Inc Class A: 2.09, Enphase Energy Inc: 2.08, The Trade Desk Inc A: 1.98, Mirati Therapeutics Inc: 1.97",51080000,-0.38,12.97
PTF,Invesco DWA Technology Momentum ETF,10/12/2006,Growth,Large,"Five9 Inc: 5.48, Apple Inc: 5.22, NVIDIA Corp: 4.80, Monolithic Power Systems Inc: 4.33, Enphase Energy Inc: 3.61, EPAM Systems Inc: 3.54, Pinterest Inc: 3.52, Cadence Design Systems Inc: 3.38, Veeva Systems Inc Class A: 3.35, Advanced Micro Devices Inc: 3.24",252970000,42.32,16.68
PBE,Invesco Dynamic Biotechnology & Genome ETF,6/23/2005,Growth,Medium,"Pacific Biosciences of California Inc: 5.77, Qiagen NV: 4.74, Regeneron Pharmaceuticals Inc: 4.52, Illumina Inc: 4.49, Gilead Sciences Inc: 4.47, Biogen Inc: 4.40, Neurocrine Biosciences Inc: 4.34, Amgen Inc: 4.31, CareDx Inc: 4.09, Vertex Pharmaceuticals Inc: 3.78",218230000,1.31,11.26
PKB,Invesco Dynamic Building & Construction ETF,10/26/2005,Blend,Medium,"Martin Marietta Materials Inc: 6.20, Vulcan Materials Co: 5.69, Trane Technologies PLC: 5.46, Lowe's Companies Inc: 4.75, Lennar Corp: 4.65, D.R. Horton Inc: 4.62, PulteGroup Inc: 4.45, Tractor Supply Co: 4.33, Dycom Industries Inc: 3.30, Quanta Services Inc: 3.30",136970000,7.24,12.33
PWB,Invesco Dynamic Large Cap Growth ETF,3/3/2005,Growth,Large,"Danaher Corp: 3.91, Thermo Fisher Scientific Inc: 3.89, NVIDIA Corp: 3.58, UnitedHealth Group Inc: 3.38, Alphabet Inc A: 3.32, Facebook Inc A: 3.32, PayPal Holdings Inc: 3.31, Abbott Laboratories: 3.27, Apple Inc: 3.20, Microsoft Corp: 3.14",720430000,17.22,15.48
PJP,Invesco Dynamic Pharmaceuticals ETF,6/23/2005,Value,Medium,"Abbott Laboratories: 5.01, Endo International PLC: 4.98, Pfizer Inc: 4.95, Johnson & Johnson: 4.76, Gilead Sciences Inc: 4.74, Eli Lilly and Co: 4.72, Merck & Co Inc: 4.69, Amgen Inc: 4.57, AbbVie Inc: 4.54, Corcept Therapeutics Inc: 4.05",310740000,-3.73,12.37
PSI,Invesco Dynamic Semiconductors ETF,6/23/2005,Growth,Medium,"Skyworks Solutions Inc: 5.06, Lam Research Corp: 5.05, Texas Instruments Inc: 5.04, NVIDIA Corp: 5.03, Microchip Technology Inc: 4.83, KLA Corp: 4.82, Applied Materials Inc: 4.68, Advanced Micro Devices Inc: 4.54, Inphi Corp: 3.35, Cohu Inc: 3.26",276420000,19.89,19.45
PSJ,Invesco Dynamic Software ETF,6/23/2005,Growth,Medium,"Snap Inc Class A: 9.47, DocuSign Inc: 4.85, Liberty Broadband Corp C: 4.71, Activision Blizzard Inc: 4.52, Shopify Inc A: 4.52, Adobe Inc: 4.41, Microsoft Corp: 4.41, Electronic Arts Inc: 4.26, Roku Inc Class A: 3.60, Avalara Inc: 3.13",507220000,24.04,17.96
NFO,Invesco Insider Sentiment ETF,9/21/2006,Blend,Medium,"Fair Isaac Corp: 1.25, TransDigm Group Inc: 1.24, Lam Research Corp: 1.22, AECOM: 1.21, Liberty Broadband Corp A: 1.19, Ansys Inc: 1.17, Helen Of Troy Ltd: 1.13, Newmont Corp: 1.12, Leidos Holdings Inc: 1.11, The Western Union Co: 1.10",81130000,2.14,12.72
PNQI,Invesco NASDAQ Internet ETF,6/12/2008,Growth,Large,"Alibaba Group Holding Ltd ADR: 8.77, Alphabet Inc Class C: 7.72, Facebook Inc A: 7.71, Amazon.com Inc: 7.49, Salesforce.com Inc: 7.00, Zoom Video Communications Inc: 3.88, Netflix Inc: 3.83, Shopify Inc A: 3.69, Adobe Inc: 3.61, JD.com Inc ADR: 3.31",909610000,44.82,19.47
QQQ,Invesco QQQ Trust,3/10/1999,Growth,Large,"Apple Inc: 13.37, Amazon.com Inc: 10.91, Microsoft Corp: 10.51, Facebook Inc A: 4.58, Alphabet Inc A: 3.64, Alphabet Inc Class C: 3.55, Tesla Inc: 3.31, NVIDIA Corp: 2.78, PayPal Holdings Inc: 1.98, Netflix Inc: 1.92",1.2999E+11,27.37,19.05
RYH,Invesco S&P 500 Equal Weight Health Care ETF,11/1/2006,Blend,Large,"Align Technology Inc: 2.14, IDEXX Laboratories Inc: 1.86, Bio-Rad Laboratories Inc: 1.85, Danaher Corp: 1.79, ResMed Inc: 1.78, Hologic Inc: 1.77, Quest Diagnostics Inc: 1.77, Laboratory Corp of America Holdings: 1.76, PerkinElmer Inc: 1.76, Thermo Fisher Scientific Inc: 1.75",697150000,5.12,15.24
RYT,Invesco S&P 500 Equal Weight Technology ETF,11/1/2006,Blend,Large,"Paycom Software Inc: 1.85, Xilinx Inc: 1.62, Automatic Data Processing Inc: 1.60, Tyler Technologies Inc: 1.59, IPG Photonics Corp: 1.58, Teradyne Inc: 1.58, Lam Research Corp: 1.57, KLA Corp: 1.55, Keysight Technologies Inc: 1.53, Zebra Technologies Corp: 1.53",1810000000,6.2,16.32
RPG,Invesco S&P 500 Pure Growth ETF,3/1/2006,Growth,Large,"ServiceNow Inc: 2.62, Paycom Software Inc: 2.03, Facebook Inc A: 1.77, Lam Research Corp: 1.64, Teradyne Inc: 1.59, PayPal Holdings Inc: 1.55, Adobe Inc: 1.50, Align Technology Inc: 1.50, MSCI Inc: 1.45, NVIDIA Corp: 1.43",2390000000,10.39,13.87
SPHQ,Invesco S&P 500 Quality ETF,12/6/2005,Blend,Large,"Apple Inc: 6.32, NVIDIA Corp: 5.91, Procter & Gamble Co: 5.30, Microsoft Corp: 5.02, Johnson & Johnson: 4.49, Visa Inc Class A: 4.46, Adobe Inc: 3.19, Merck & Co Inc: 3.06, Nike Inc B: 2.91, Abbott Laboratories: 2.85",2180000000,3.02,13.35
XLG,Invesco S&P 500 Top 50 ETF,5/4/2005,Blend,Large,"Apple Inc: 11.76, Microsoft Corp: 10.29, Amazon.com Inc: 8.68, Facebook Inc A: 4.25, Alphabet Inc A: 3.26, Alphabet Inc Class C: 3.20, Berkshire Hathaway Inc Class B: 2.69, Johnson & Johnson: 2.42, Procter & Gamble Co: 2.29, NVIDIA Corp: 2.08",1560000000,9.58,13.75
PXMG,Invesco S&P MidCap Momentum ETF,3/3/2005,Growth,Medium,"Paycom Software Inc: 3.27, Chipotle Mexican Grill Inc Class A: 3.10, Ulta Beauty Inc: 2.71, RingCentral Inc Class A: 2.57, Universal Display Corp: 2.37, ServiceNow Inc: 2.31, Square Inc A: 2.28, Copart Inc: 2.22, O'Reilly Automotive Inc: 2.19, Match Group Inc: 2.18",607580000,23.96,15.45
XMMO,Invesco S&P MidCap Momentum ETF,3/3/2005,Growth,Medium,"Generac Holdings Inc: 4.18, SolarEdge Technologies Inc: 4.16, Monolithic Power Systems Inc: 3.29, Quidel Corp: 3.16, Boston Beer Co Inc Class A: 2.96, Enphase Energy Inc: 2.72, Masimo Corp: 2.42, Charles River Laboratories International Inc: 2.27, Cognex Corp: 2.24, Cable One Inc: 2.06",716470000,11.07,13.9
EQWM,Invesco S&P MidCap Quality ETF,12/1/2006,Growth,Medium,"FactSet Research Systems Inc: 3.34, IDEX Corp: 3.01, NVR Inc: 3.00, MarketAxess Holdings Inc: 2.99, Molina Healthcare Inc: 2.81, Teradyne Inc: 2.79, Zebra Technologies Corp: 2.46, Reinsurance Group of America Inc: 2.42, Graco Inc: 2.30, Old Dominion Freight Lines Inc: 2.11",24960000,16.93,12.86
PXMV,Invesco S&P MidCap Value with Momentum ETF,3/3/2005,Value,Small,"Genworth Financial Inc: 3.49, PBF Energy Inc Class A: 2.74, Chesapeake Energy Corp: 2.53, Arrow Electronics Inc: 2.31, Tech Data Corp: 2.22, AutoNation Inc: 2.16, World Fuel Services Corp: 2.15, Southwestern Energy Co: 2.12, Dillard's Inc Class A: 2.10, Synnex Corp: 2.04",51000000,19.27,13.29
PSCH,Invesco S&P SmallCap Health Care ETF,4/7/2010,Growth,Small,"NeoGenomics Inc: 5.48, Omnicell Inc: 4.55, AMN Healthcare Services Inc: 3.63, Ensign Group Inc: 3.62, Glaukos Corp: 3.08, Merit Medical Systems Inc: 3.02, Covetrus Inc: 2.94, Conmed Corp: 2.85, Select Medical Holdings Corp: 2.84, HMS Holdings Corp: 2.82",381140000,3.44,18.54
PSCT,Invesco S&P SmallCap Information Technology ETF,4/7/2010,Growth,Small,"Brooks Automation Inc: 3.72, LivePerson Inc: 3.67, Power Integrations Inc: 3.64, SPS Commerce Inc: 3.12, Viavi Solutions Inc: 2.98, Itron Inc: 2.88, Advanced Energy Industries Inc: 2.76, Alarm.com Holdings Inc: 2.74, ExlService Holdings Inc: 2.66, Diodes Inc: 2.57",234180000,-6.41,13.35
PXSG,Invesco S&P SmallCap Momentum ETF,3/3/2005,Growth,Small,"LHC Group Inc: 2.90, Ensign Group Inc: 2.46, Axon Enterprise Inc: 2.39, FTI Consulting Inc: 2.14, Repligen Corp: 2.14, First BanCorp: 2.11, HMS Holdings Corp: 2.01, NeoGenomics Inc: 1.83, Agree Realty Corp: 1.80, Exponent Inc: 1.80",80600000,21.63,13.62
PXSV,Invesco S&P SmallCap Value with Momentum ETF,3/3/2005,Value,Small,"Vitamin Shoppe Inc: 1.99, Office Depot Inc: 1.85, SpartanNash Co: 1.83, INTL FCStone Inc: 1.79, Veritiv Corp: 1.74, Sonic Automotive Inc Class A: 1.70, Era Group Inc: 1.51, Barnes & Noble Inc: 1.49, Group 1 Automotive Inc: 1.32, Denbury Resources Inc: 1.29",76270000,10.31,12.66
IUSG,iShares Core S&P U.S. Growth ETF,7/24/2000,Growth,Large,"Apple Inc: 10.02, Microsoft Corp: 8.77, Amazon.com Inc: 7.40, Facebook Inc A: 3.62, Alphabet Inc A: 2.78, Alphabet Inc Class C: 2.73, NVIDIA Corp: 1.77, Visa Inc Class A: 1.75, Mastercard Inc A: 1.46, PayPal Holdings Inc: 1.25",9020000000,15.9,15.05
IPRP,iShares European Prpty Yld ETF EUR Dist,11/4/2005,Blend,Medium,"Vonovia SE: 14.13, Unibail-Rodamco-Westfield: 13.00, Deutsche Wohnen SE: 9.59, Gecina Nom: 4.12, LEG Immobilien AG: 4.11, Klpierre: 3.70, Swiss Prime Site AG: 3.49, Aroundtown SA: 3.08, Castellum AB: 2.66, Merlin Properties SOCIMI SA: 2.38",1310000000,-1.51,13.11
IGM,iShares Expanded Tech Sector ETF,3/13/2001,Growth,Large,"Microsoft Corp: 8.43, Apple Inc: 8.20, Amazon.com Inc: 8.18, Facebook Inc A: 6.20, Alphabet Inc A: 4.57, Alphabet Inc Class C: 4.48, NVIDIA Corp: 3.03, Visa Inc Class A: 3.01, Mastercard Inc A: 2.50, PayPal Holdings Inc: 2.14",2680000000,24.7,18.76
IGV,iShares Expanded Tech-Software Sector ETF,7/10/2001,Growth,Large,"Microsoft Corp: 8.24, Adobe Inc: 7.85, Salesforce.com Inc: 7.84, Oracle Corp: 6.50, ServiceNow Inc: 5.72, Zoom Video Communications Inc: 5.03, Intuit Inc: 4.94, Activision Blizzard Inc: 3.51, Autodesk Inc: 3.10, DocuSign Inc: 2.23",5050000000,31.52,19.05
IXN,iShares Global Tech ETF,11/12/2001,Growth,Large,"Apple Inc: 18.75, Microsoft Corp: 16.42, NVIDIA Corp: 3.31, Visa Inc Class A: 3.28, Taiwan Semiconductor Manufacturing Co Ltd: 3.06, Samsung Electronics Co Ltd: 2.74, Mastercard Inc A: 2.73, PayPal Holdings Inc: 2.34, Adobe Inc: 2.30, Salesforce.com Inc: 2.26",4130000000,19.54,16.85
JKD,iShares Morningstar Large-Cap ETF,6/28/2004,Blend,Large,"Apple Inc: 15.88, Berkshire Hathaway Inc Class B: 3.85, UnitedHealth Group Inc: 2.89, The Home Depot Inc: 2.85, The Walt Disney Co: 2.23, Thermo Fisher Scientific Inc: 2.00, Abbott Laboratories: 1.97, Merck & Co Inc: 1.97, Coca-Cola Co: 1.94, PepsiCo Inc: 1.94",760150000,3.08,13.31
JKE,iShares Morningstar Large-Cap Growth ETF,6/28/2004,Growth,Large,"Microsoft Corp: 7.01, Amazon.com Inc: 6.18, Facebook Inc A: 4.03, NVIDIA Corp: 3.05, Tesla Inc: 3.01, Visa Inc Class A: 2.79, PayPal Holdings Inc: 2.71, Alphabet Inc A: 2.66, Netflix Inc: 2.64, Alphabet Inc Class C: 2.61",1710000000,22.04,16.17
JKH,iShares Morningstar Mid-Cap Growth ETF,6/28/2004,Growth,Medium,"Zoom Video Communications Inc: 3.21, Square Inc A: 2.20, MercadoLibre Inc: 2.12, Twilio Inc A: 1.47, Lululemon Athletica Inc: 1.45, DocuSign Inc: 1.42, Workday Inc Class A: 1.40, Veeva Systems Inc Class A: 1.39, IDEXX Laboratories Inc: 1.38, Snap Inc Class A: 1.35",1140000000,22.51,14.4
JKK,iShares Morningstar Small-Cap Growth ETF,6/28/2004,Growth,Medium,"Match Group Inc: 3.39, Datadog Inc Class A: 1.79, SolarEdge Technologies Inc: 1.44, Enphase Energy Inc: 1.38, MyoKardia Inc: 1.32, Carvana Co Class A: 1.15, Quidel Corp: 1.14, Five9 Inc: 1.11, Boston Beer Co Inc Class A: 1.06, Mirati Therapeutics Inc: 1.06",280410000,15.27,13.1
IKRA,iShares MSCI Korea ETF USD Dist,11/18/2005,Value,Large,"Samsung Electronics Co Ltd: 26.26, SK Hynix Inc: 5.28, Samsung Electronics Co Ltd Participating Preferred: 3.78, Celltrion Inc: 2.54, POSCO: 2.53, KB Financial Group Inc: 2.44, NAVER Corp: 2.31, Shinhan Financial Group Co Ltd: 2.29, LG Chem Ltd: 2.06, Hyundai Motor Co: 1.94",519660000,-19.97,11.51
INAA,iShares MSCI North America ETF USD Dist,6/2/2006,Blend,Large,"Apple Inc: 3.35, Microsoft Corp: 3.14, Amazon.com Inc: 2.72, Johnson & Johnson: 1.53, JPMorgan Chase & Co: 1.45, Alphabet Inc Class C: 1.34, Facebook Inc A: 1.32, Exxon Mobil Corp: 1.31, Alphabet Inc A: 1.29, Berkshire Hathaway Inc B: 1.10",2080000000,2.03,13.13
IBB,iShares Nasdaq Biotechnology ETF,2/5/2001,Growth,Medium,"Gilead Sciences Inc: 7.48, Amgen Inc: 7.35, Regeneron Pharmaceuticals Inc: 6.30, Vertex Pharmaceuticals Inc: 6.02, Illumina Inc: 4.74, Biogen Inc: 3.76, Seagen Inc Ordinary Shares: 3.26, Moderna Inc: 2.99, Alexion Pharmaceuticals Inc: 2.83, Incyte Corp: 2.13",8760000000,8.61,16.15
SOXX,iShares PHLX Semiconductor ETF,7/10/2001,Blend,Large,"Qualcomm Inc: 8.29, Texas Instruments Inc: 8.14, Broadcom Inc: 8.06, NVIDIA Corp: 7.50, Intel Corp: 6.96, Micron Technology Inc: 4.43, NXP Semiconductors NV: 4.30, Taiwan Semiconductor Manufacturing Co Ltd ADR: 4.24, Lam Research Corp: 4.07, Analog Devices Inc: 4.06",3610000000,22.8,21.24
IWF,iShares Russell 1000 Growth ETF,5/22/2000,Growth,Large,"Apple Inc: 11.00, Microsoft Corp: 9.49, Amazon.com Inc: 8.06, Facebook Inc A: 3.96, Alphabet Inc A: 2.36, Alphabet Inc Class C: 2.33, Visa Inc Class A: 1.92, NVIDIA Corp: 1.85, Tesla Inc: 1.80, Mastercard Inc A: 1.59",56040000000,19.97,16.07
1588,iShares Russell 2000 ETF,5/22/2000,Blend,Small,"Etsy Inc: 0.32, Integrated Device Technology Inc: 0.31, Five Below Inc: 0.28, Haemonetics Corp: 0.27, HubSpot Inc: 0.25, HealthEquity Inc: 0.24, Idacorp Inc: 0.24, LivaNova PLC: 0.24, Planet Fitness Inc A: 0.24, Ciena Corp: 0.23",45630000000,0.97,14.08
IWP,iShares Russell Mid-Cap Growth ETF,7/17/2001,Growth,Medium,"DocuSign Inc: 1.28, Lululemon Athletica Inc: 1.28, Veeva Systems Inc Class A: 1.28, IDEXX Laboratories Inc: 1.26, Align Technology Inc: 1.18, Chipotle Mexican Grill Inc Class A: 1.18, CoStar Group Inc: 1.14, O'Reilly Automotive Inc: 1.13, Twilio Inc A: 1.13, Splunk Inc: 1.11",13090000000,13.93,13.9
IWL,iShares Russell Top 200 ETF,9/22/2009,Blend,Large,"Apple Inc: 7.71, Microsoft Corp: 6.65, Amazon.com Inc: 5.65, Facebook Inc A: 2.77, Alphabet Inc A: 2.13, Alphabet Inc Class C: 2.11, Berkshire Hathaway Inc Class B: 1.70, Johnson & Johnson: 1.59, Procter & Gamble Co: 1.47, Visa Inc Class A: 1.35",832020000,5.86,13.49
IWY,iShares Russell Top 200 Growth ETF,9/22/2009,Growth,Large,"Apple Inc: 13.36, Microsoft Corp: 11.53, Amazon.com Inc: 9.79, Facebook Inc A: 4.81, Alphabet Inc A: 2.86, Alphabet Inc Class C: 2.84, Visa Inc Class A: 2.33, NVIDIA Corp: 2.25, Tesla Inc: 2.18, Mastercard Inc A: 1.94",3050000000,21.59,16.84
1587,iShares S&P 100 ETF,10/23/2000,Blend,Large,"Microsoft Corp: 5.69, Apple Inc: 5.49, Amazon.com Inc: 4.64, Berkshire Hathaway Inc B: 2.85, Johnson & Johnson: 2.64, JPMorgan Chase & Co: 2.50, Facebook Inc A: 2.27, Alphabet Inc Class C: 2.26, Exxon Mobil Corp: 2.25, Alphabet Inc A: 2.22",4770000000,5.15,13.34
OEF,iShares S&P 100 ETF,10/23/2000,Blend,Large,"Apple Inc: 9.71, Microsoft Corp: 8.50, Amazon.com Inc: 7.17, Facebook Inc A: 3.51, Alphabet Inc A: 2.69, Alphabet Inc Class C: 2.64, Berkshire Hathaway Inc Class B: 2.22, Johnson & Johnson: 2.00, Procter & Gamble Co: 1.89, NVIDIA Corp: 1.72",6670000000,6.05,13.21
IVW,iShares S&P 500 Growth ETF,5/22/2000,Growth,Large,"Apple Inc: 10.59, Microsoft Corp: 9.27, Amazon.com Inc: 7.82, Facebook Inc A: 3.83, Alphabet Inc A: 2.94, Alphabet Inc Class C: 2.88, NVIDIA Corp: 1.87, Visa Inc Class A: 1.85, Mastercard Inc A: 1.54, PayPal Holdings Inc: 1.32",28670000000,16.96,15.41
IYC,iShares U.S. Consumer Services ETF,6/12/2000,Blend,Large,"Amazon.com Inc: 9.57, The Home Depot Inc: 8.19, Costco Wholesale Corp: 4.79, Walmart Inc: 4.60, McDonald's Corp: 4.58, Netflix Inc: 4.41, Comcast Corp Class A: 4.39, The Walt Disney Co: 4.22, Lowe's Companies Inc: 3.78, Starbucks Corp: 3.22",1040000000,6.91,15.4
IYH,iShares U.S. Healthcare ETF,6/12/2000,Blend,Large,"Johnson & Johnson: 8.57, UnitedHealth Group Inc: 6.88, Pfizer Inc: 4.68, Merck & Co Inc: 4.51, Thermo Fisher Scientific Inc: 4.44, Abbott Laboratories: 4.42, AbbVie Inc: 3.56, Danaher Corp: 3.44, Medtronic PLC: 3.21, Bristol-Myers Squibb Company: 3.13",2210000000,2.87,14.75
IHF,iShares U.S. Healthcare Providers ETF,5/1/2006,Blend,Large,"UnitedHealth Group Inc: 22.02, CVS Health Corp: 11.25, Anthem Inc: 10.52, Centene Corp: 4.64, Humana Inc: 4.40, Cigna Corp: 4.32, HCA Healthcare Inc: 4.17, Laboratory Corp of America Holdings: 4.16, Quest Diagnostics Inc: 3.51, Teladoc Health Inc: 3.41",913560000,0.55,15.75
ITB,iShares U.S. Home Construction ETF,5/1/2006,Blend,Medium,"D.R. Horton Inc: 14.05, Lennar Corp: 12.26, NVR Inc: 8.74, PulteGroup Inc: 6.95, Lowe's Companies Inc: 4.65, Sherwin-Williams Co: 4.65, The Home Depot Inc: 4.52, TopBuild Corp: 3.22, Toll Brothers Inc: 3.08, Masco Corp: 2.93",2140000000,17.66,16.99
IHI,iShares U.S. Medical Devices ETF,5/1/2006,Growth,Large,"Thermo Fisher Scientific Inc: 13.89, Abbott Laboratories: 13.81, Medtronic PLC: 10.03, Danaher Corp: 9.00, Stryker Corp: 4.40, Becton, Dickinson and Co: 4.39, Intuitive Surgical Inc: 4.15, Edwards Lifesciences Corp: 3.75, Boston Scientific Corp: 3.69, Baxter International Inc: 3.31",8150000000,12.97,19.19
IYW,iShares U.S. Technology ETF,5/15/2000,Growth,Large,"Apple Inc: 19.74, Microsoft Corp: 17.28, Facebook Inc A: 4.41, NVIDIA Corp: 4.01, Alphabet Inc A: 3.46, Alphabet Inc Class C: 3.39, Adobe Inc: 2.78, Salesforce.com Inc: 2.74, Intel Corp: 2.44, Cisco Systems Inc: 1.97",5840000000,26.72,17.98
IUSP,iShares US Property Yield ETF USD Dist,11/3/2006,Blend,Medium,"Simon Property Group Inc: 7.30, Prologis Inc: 5.38, Public Storage: 4.04, Welltower Inc: 3.44, AvalonBay Communities Inc: 3.36, Equity Residential: 3.26, Digital Realty Trust Inc: 3.02, Ventas Inc: 2.88, Boston Properties Inc: 2.59, Realty Income Corp: 2.37",675320000,2.74,
1590,iShares US Real Estate ETF,6/12/2000,Blend,Medium,"American Tower Corp: 6.78, Simon Property Group Inc: 5.37, Crown Castle International Corp: 4.46, Prologis Inc: 3.97, Public Storage: 2.99, Equinix Inc: 2.87, Welltower Inc: 2.52, AvalonBay Communities Inc: 2.46, Equity Residential: 2.45, Digital Realty Trust Inc: 2.22",3570000000,3.8,13.97
RTWO,L&G Russell 2000 US Small Cap ETF,9/11/2008,Blend,Small,TRS Russell 2000 NR USD: 100.00,53640000,-0.86,13.63
1345,Listed Index Fund J-REIT (TSE REIT Idx),10/20/2008,Growth,Medium,"Nippon Building Fund Inc: 7.59, Japan Real Estate Investment Corp: 6.92, Nomura Real Estate Master Fund Inc: 4.93, Japan Retail Fund Investment Corp: 4.73, United Urban Investment Corp: 4.43, Orix Jreit Inc: 4.07, Daiwa House REIT Investment Corp: 3.55, Nippon Prologis REIT Inc: 3.53, Advance Residence Investment Corp: 3.42, GLP J-REIT: 3.15",2.3138E+11,13.42,12.43
1343,NEXT FUNDS REIT Index ETF,9/17/2008,Growth,Medium,"Nippon Building Fund Inc: 7.55, Japan Real Estate Investment Corp: 6.91, Nomura Real Estate Master Fund Inc: 4.95, Japan Retail Fund Investment Corp: 4.53, United Urban Investment Corp: 4.39, Orix Jreit Inc: 4.06, Daiwa House REIT Investment Corp: 3.55, Nippon Prologis REIT Inc: 3.48, Advance Residence Investment Corp: 3.37, GLP J-REIT: 3.12",3.1539E+11,13.12,12.48
1629,NEXT FUNDS TOPIX-17 Comm & Wholesale Trd,3/21/2008,Value,Large,"Mitsubishi Corp: 17.62, Mitsui & Co Ltd: 12.01, ITOCHU Corp: 11.58, Sumitomo Corp: 8.46, Marubeni Corp: 6.86, Toyota Tsusho Corp: 3.59, Alfresa Holdings Corp: 2.77, MISUMI Group Inc: 2.63, Suzuken Co Ltd: 2.30, Medipal Holdings Corp: 2.29",851000000,-1.7,13.04
1624,NEXT FUNDS TOPIX-17 Machinery,3/21/2008,Growth,Large,"Daikin Industries Ltd: 14.25, Komatsu Ltd: 11.36, SMC Corp: 9.32, Kubota Corp: 8.59, Mitsubishi Heavy Industries Ltd: 5.99, Makita Corp: 4.49, Daifuku Co Ltd: 2.64, IHI Corp: 2.20, Hoshizaki Corp: 2.13, Disco Corp: 1.84",4660000000,-14.86,11.93
STXFIN,Satrix Fini ETF,2/15/2002,Blend,Medium,"Standard Bank Group Ltd.: 15.90, Firstrand Limited: 15.36, Old Mutual Ltd: 10.41, Sanlam Limited: 9.79, Absa Group Ltd: 7.65, Growthpoint Properties Ltd.: 4.78, Investec PLC: 4.64, Discovery Holdings Ltd: 4.09, Nedbank Group, Ltd.: 4.08, Capitec Bank Holdings Limited: 3.87",772260000,-5.37,14.34
STXIND,Satrix Indi ETF,2/15/2002,Growth,Large,"Naspers Ltd: 29.65, Richemont Securities Ag ADR: 21.33, British American Tobacco PLC: 6.07, Mtn Group Limited: 5.67, Remgro Ltd: 3.65, BidCorp Ltd: 3.52, Shoprite Holdings Limited: 3.07, Vodacom Group Ltd.: 2.70, Aspen Pharmacare Holdings PLC: 2.27, Bidvest Group: 2.24",1760000000,-19.36,16.63
SCHG,Schwab U.S. Large-Cap Growth ETF,12/11/2009,Growth,Large,"Apple Inc: 12.32, Microsoft Corp: 10.78, Amazon.com Inc: 9.10, Facebook Inc A: 4.45, Alphabet Inc A: 3.42, Alphabet Inc Class C: 3.35, NVIDIA Corp: 2.18, Visa Inc Class A: 2.16, Tesla Inc: 2.04, UnitedHealth Group Inc: 2.04",11670000000,21.09,16.05
SLGOMXH25,Seligson & Co OMX Helsinki 25 Indeks ETF,2/8/2002,Blend,Large,"KONE Oyj B: 10.61, Nokia Oyj: 10.17, Sampo Oyj A: 10.15, UPM-Kymmene Oyj: 8.67, Neste Corp: 7.66, Fortum Oyj: 6.93, Stora Enso Oyj R: 5.60, Wartsila Corp: 5.30, Elisa Oyj A: 4.36, Nordea Bank Abp: 3.73",244490000,-0.09,13.69
XNTK,SPDR NYSE Technology ETF,9/25/2000,Growth,Large,"Tesla Inc: 10.63, Shopify Inc A: 4.72, JD.com Inc ADR: 4.71, NVIDIA Corp: 4.39, Advanced Micro Devices Inc: 3.59, ServiceNow Inc: 3.58, Amazon.com Inc: 3.39, Netflix Inc: 3.13, Apple Inc: 3.11, Alibaba Group Holding Ltd ADR: 2.92",490910000,41.24,18.09
SPYG,SPDR Portfolio S&P 500 Growth ETF,9/25/2000,Growth,Large,"Apple Inc: 10.60, Microsoft Corp: 9.28, Amazon.com Inc: 7.83, Facebook Inc A: 3.83, Alphabet Inc A: 2.94, Alphabet Inc Class C: 2.88, NVIDIA Corp: 1.87, Visa Inc Class A: 1.86, Mastercard Inc A: 1.54, PayPal Holdings Inc: 1.32",8960000000,17.02,15.55
1557,SPDR S&P 500 ETF Trust,1/22/1993,Blend,Large,"Microsoft Corp: 5.52, Apple Inc: 5.24, Amazon.com Inc: 4.01, Facebook Inc A: 2.14, Alphabet Inc A: 1.69, Alphabet Inc Class C: 1.69, Johnson & Johnson: 1.54, Berkshire Hathaway Inc Class B: 1.43, Visa Inc Class A: 1.32, JPMorgan Chase & Co: 1.20",2.7063E+11,-4.87,13.04
XBI,SPDR S&P Biotech ETF,1/31/2006,Growth,Small,"Arrowhead Pharmaceuticals Inc: 1.64, Mirati Therapeutics Inc: 1.57, Exact Sciences Corp: 1.55, Blueprint Medicines Corp: 1.47, Arcturus Therapeutics Holdings Inc: 1.34, Amicus Therapeutics Inc: 1.32, Ultragenyx Pharmaceutical Inc: 1.30, Arena Pharmaceuticals Inc: 1.29, Fate Therapeutics Inc: 1.26, Sage Therapeutics Inc: 1.25",5330000000,18.68,19.34
XHB,SPDR S&P Homebuilders ETF,1/31/2006,Blend,Medium,"Carrier Global Corp Ordinary Shares: 4.77, Trane Technologies PLC: 4.74, Whirlpool Corp: 4.47, Mohawk Industries Inc: 4.44, Trex Co Inc: 4.25, Johnson Controls International PLC: 4.23, Williams-Sonoma Inc: 4.16, Lowe's Companies Inc: 4.08, The Home Depot Inc: 4.03, D.R. Horton Inc: 3.91",1390000000,15.19,13.91
XSD,SPDR S&P Semiconductor ETF,1/31/2006,Growth,Medium,"SunPower Corp: 4.06, Inphi Corp: 3.65, Monolithic Power Systems Inc: 3.64, Lattice Semiconductor Corp: 3.48, First Solar Inc: 3.36, Xilinx Inc: 3.25, Universal Display Corp: 3.24, Cirrus Logic Inc: 3.20, ON Semiconductor Corp: 3.14, Power Integrations Inc: 3.06",573000000,25.59,19.29
XLK,Technology Select Sector SPDR Fund,12/16/1998,Growth,Large,"Apple Inc: 23.49, Microsoft Corp: 20.57, NVIDIA Corp: 4.15, Visa Inc Class A: 4.11, Mastercard Inc A: 3.42, PayPal Holdings Inc: 2.93, Adobe Inc: 2.88, Salesforce.com Inc: 2.84, Intel Corp: 2.53, Cisco Systems Inc: 2.04",32680000000,22.17,18.28
1393,UBS ETF MSCI USA USD A dis,10/29/2001,Blend,Large,"Apple Inc: 3.56, Microsoft Corp: 3.32, Amazon.com Inc: 2.88, Johnson & Johnson: 1.62, JPMorgan Chase & Co: 1.54, Alphabet Inc Class C: 1.42, Facebook Inc A: 1.39, Exxon Mobil Corp: 1.38, Alphabet Inc A: 1.36, Berkshire Hathaway Inc B: 1.16",570670000,2.78,13.47
VCR,Vanguard Consumer Discretionary Index Fund ETF Shares,1/26/2004,Growth,Large,"Amazon.com Inc: 23.00, The Home Depot Inc: 7.25, Tesla Inc: 5.76, McDonald's Corp: 4.02, Nike Inc B: 3.78, Lowe's Companies Inc: 3.04, Starbucks Corp: 2.60, Target Corp: 1.95, Booking Holdings Inc: 1.71, TJX Companies Inc: 1.57",4120000000,23.51,16.72
VUG,Vanguard Growth Index Fund ETF Shares,1/26/2004,Growth,Large,"Apple Inc: 10.54, Microsoft Corp: 9.64, Amazon.com Inc: 8.13, Facebook Inc A: 3.98, Alphabet Inc A: 3.05, Alphabet Inc Class C: 2.89, Visa Inc Class A: 1.86, NVIDIA Corp: 1.85, Tesla Inc: 1.82, The Home Depot Inc: 1.81",1.2592E+11,21.97,15.78
VHT,Vanguard Health Care Index Fund ETF Shares,1/26/2004,Blend,Large,"Johnson & Johnson: 7.81, UnitedHealth Group Inc: 6.26, Pfizer Inc: 4.26, Merck & Co Inc: 4.10, Thermo Fisher Scientific Inc: 4.04, Abbott Laboratories: 4.02, Danaher Corp: 3.16, AbbVie Inc: 3.13, Medtronic PLC: 2.92, Bristol-Myers Squibb Company: 2.86",12740000000,4.34,15.34
VGT,Vanguard Information Technology Index Fund ETF Shares,1/26/2004,Growth,Large,"Apple Inc: 21.61, Microsoft Corp: 16.70, NVIDIA Corp: 3.53, Visa Inc Class A: 3.28, Mastercard Inc A: 2.95, Adobe Inc: 2.47, Salesforce.com Inc: 2.39, PayPal Holdings Inc: 2.38, Intel Corp: 2.15, Cisco Systems Inc: 1.74",39640000000,22.73,18.95
VV,Vanguard Large-Cap Index Fund ETF Shares,1/27/2004,Blend,Large,"Apple Inc: 5.94, Microsoft Corp: 5.43, Amazon.com Inc: 4.58, Facebook Inc A: 2.24, Alphabet Inc A: 1.70, Alphabet Inc Class C: 1.66, Berkshire Hathaway Inc Class B: 1.37, Johnson & Johnson: 1.28, Procter & Gamble Co: 1.21, Visa Inc Class A: 1.09",28140000000,4.6,13.11
MGK,Vanguard Mega Cap Growth Index Fund ETF Shares,12/17/2007,Growth,Large,"Apple Inc: 12.64, Microsoft Corp: 11.56, Amazon.com Inc: 9.75, Facebook Inc A: 4.77, Alphabet Inc A: 3.64, Alphabet Inc Class C: 3.49, Visa Inc Class A: 2.31, NVIDIA Corp: 2.22, Tesla Inc: 2.18, The Home Depot Inc: 2.17",9150000000,23.62,16.31
MGC,Vanguard Mega Cap Index Fund ETF Shares,12/17/2007,Blend,Large,"Apple Inc: 7.18, Microsoft Corp: 6.57, Amazon.com Inc: 5.54, Facebook Inc A: 2.71, Alphabet Inc A: 2.07, Alphabet Inc Class C: 1.98, Berkshire Hathaway Inc Class B: 1.61, Johnson & Johnson: 1.55, Procter & Gamble Co: 1.46, Visa Inc Class A: 1.31",3010000000,5.35,13.39
VOT,Vanguard Mid-Cap Growth Index Fund ETF Shares,8/17/2006,Growth,Medium,"Snap Inc Class A: 1.58, Digital Realty Trust Inc: 1.51, Twilio Inc A: 1.50, Lululemon Athletica Inc: 1.48, Veeva Systems Inc Class A: 1.42, IDEXX Laboratories Inc: 1.41, DocuSign Inc: 1.39, Centene Corp: 1.34, Amphenol Corp Class A: 1.31, Chipotle Mexican Grill Inc Class A: 1.31",17400000000,13.19,13.05
VONG,Vanguard Russell 1000 Growth Index Fund ETF Shares,9/20/2010,Growth,Large,"Apple Inc: 11.02, Microsoft Corp: 9.51, Amazon.com Inc: 8.07, Facebook Inc A: 3.96, Alphabet Inc A: 2.36, Alphabet Inc Class C: 2.34, Visa Inc Class A: 1.92, NVIDIA Corp: 1.86, Tesla Inc: 1.80, Mastercard Inc A: 1.60",7830000000,20.35,16.18
VOOG,Vanguard S&P 500 Growth Index Fund ETF Shares,9/7/2010,Growth,Large,"Apple Inc: 10.60, Microsoft Corp: 9.28, Amazon.com Inc: 7.83, Facebook Inc A: 3.83, Alphabet Inc A: 2.93, Alphabet Inc Class C: 2.90, NVIDIA Corp: 1.87, Visa Inc Class A: 1.86, Mastercard Inc A: 1.54, PayPal Holdings Inc: 1.32",4200000000,16.89,15.41
VBK,Vanguard Small-Cap Growth Index Fund ETF Shares,1/26/2004,Growth,Small,"Horizon Therapeutics PLC: 0.91, Zebra Technologies Corp: 0.84, Insulet Corp: 0.81, Teradyne Inc: 0.81, Etsy Inc: 0.80, Catalent Inc: 0.79, Monolithic Power Systems Inc: 0.76, Pool Corp: 0.74, Zendesk Inc: 0.71, HubSpot Inc: 0.70",27600000000,9.48,12.92
