,fund_symbol,fund_extended_name,fund_family,inception_date,investment_strategy,investment_type,size_type,currency,top10_holdings,net_asset_value,fund_return_ytd,fund_return_10years,years_up,years_down,fund_mean_annual_return_10years
1625,XBI,SPDR S&P Biotech ETF,SPDR State Street Global Advisors,2006-01-31,"The investment seeks to provide investment results that, before fees and expenses, correspond generally to the total return performance of the S&P Biotechnology Select Industry Index derived from the biotechnology segment of a U.S. total market composite index. In seeking to track the performance of the S&P Biotechnology Select Industry Index (the ""index""), the fund employs a sampling strategy. It generally invests substantially all, but at least 80%, of its total assets in the securities comprising the index. The index represents the biotechnology segment of the S&P Total Market Index (""S&P TMI"").",Growth,Small,USD,"Arrowhead Pharmaceuticals Inc: 1.64, Mirati Therapeutics Inc: 1.57, Exact Sciences Corp: 1.55, Blueprint Medicines Corp: 1.47, Arcturus Therapeutics Holdings Inc: 1.34, Amicus Therapeutics Inc: 1.32, Ultragenyx Pharmaceutical Inc: 1.30, Arena Pharmaceuticals Inc: 1.29, Fate Therapeutics Inc: 1.26, Sage Therapeutics Inc: 1.25",5330000000.0,18.68,19.34,10,3,1.83
1402,SOXX,iShares PHLX Semiconductor ETF,iShares,2001-07-10,The investment seeks to track the investment results of the PHLX Semiconductor Sector Index composed of U.S. equities in the semiconductor sector. The fund generally invests at least 90% of its assets in securities of the underlying index and in depositary receipts representing securities of the underlying index. The underlying index measures the performance of U.S.-traded securities of companies engaged in the semiconductor business. The fund is non-diversified.,Blend,Large,USD,"Qualcomm Inc: 8.29, Texas Instruments Inc: 8.14, Broadcom Inc: 8.06, NVIDIA Corp: 7.50, Intel Corp: 6.96, Micron Technology Inc: 4.43, NXP Semiconductors NV: 4.30, Taiwan Semiconductor Manufacturing Co Ltd ADR: 4.24, Lam Research Corp: 4.07, Analog Devices Inc: 4.06",3610000000.0,22.8,21.24,11,7,1.79
1202,PSI,Invesco Dynamic Semiconductors ETF,Invesco,2005-06-23,The investment seeks to track the investment results (before fees and expenses) of the Dynamic Semiconductor IntellidexSM Index. The fund generally will invest at least 90% of its total assets in the securities that comprise the underlying index. The underlying index is composed of common stocks of U.S. semiconductor companies. These companies are principally engaged in the manufacture of semiconductors. The fund is non-diversified.,Growth,Medium,USD,"Skyworks Solutions Inc: 5.06, Lam Research Corp: 5.05, Texas Instruments Inc: 5.04, NVIDIA Corp: 5.03, Microchip Technology Inc: 4.83, KLA Corp: 4.82, Applied Materials Inc: 4.68, Advanced Micro Devices Inc: 4.54, Inphi Corp: 3.35, Cohu Inc: 3.26",276420000.0,19.89,19.45,10,4,1.7
1657,XSD,SPDR S&P Semiconductor ETF,SPDR State Street Global Advisors,2006-01-31,"The investment seeks to provide investment results that, before fees and expenses, correspond generally to the total return performance of an index derived from the semiconductor segment of a U.S. total market composite index. In seeking to track the performance of the S&P Semiconductor Select Industry Index (the ""index""), the fund employs a sampling strategy. It generally invests substantially all, but at least 80%, of its total assets in the securities comprising the index. The index represents the semiconductors segment of the S&P Total Market Index (""S&P TMI"").",Growth,Medium,USD,"SunPower Corp: 4.06, Inphi Corp: 3.65, Monolithic Power Systems Inc: 3.64, Lattice Semiconductor Corp: 3.48, First Solar Inc: 3.36, Xilinx Inc: 3.25, Universal Display Corp: 3.24, Cirrus Logic Inc: 3.20, ON Semiconductor Corp: 3.14, Power Integrations Inc: 3.06",573000000.0,25.59,19.29,9,4,1.69
1174,PNQI,Invesco NASDAQ Internet ETF,Invesco,2008-06-12,"The investment seeks to track the investment results (before fees and expenses) of the Nasdaq CTA Internet IndexSM. The fund generally will invest at least 90% of its total assets in the securities that comprise the underlying index. The underlying index is designed to track the performance of companies engaged in Internet-related businesses that are listed on the New York Stock Exchange (""NYSE""), NYSE American, Cboe Exchange (""Cboe"") or The Nasdaq Stock Market (""Nasdaq""). The fund is non-diversified.",Growth,Large,USD,"Alibaba Group Holding Ltd ADR: 8.77, Alphabet Inc Class C: 7.72, Facebook Inc A: 7.71, Amazon.com Inc: 7.49, Salesforce.com Inc: 7.00, Zoom Video Communications Inc: 3.88, Netflix Inc: 3.83, Shopify Inc A: 3.69, Adobe Inc: 3.61, JD.com Inc ADR: 3.31",909610000.0,44.82,19.47,8,3,1.64
1210,PTH,Invesco DWA Healthcare Momentum ETF,Invesco,2006-10-12,"The investment seeks to track the investment results (before fees and expenses) of the Dorsey Wright Healthcare Technical Leaders Index (the ""underlying index""). The fund generally will invest at least 90% of its total assets in the securities that comprise the underlying index. The underlying index is composed of at least 30 securities of companies in the healthcare sector that have powerful relative strength or ""momentum"" characteristics.",Growth,Medium,USD,"Amedisys Inc: 5.43, Danaher Corp: 5.34, Thermo Fisher Scientific Inc: 5.03, Horizon Therapeutics PLC: 4.32, Repligen Corp: 4.02, IDEXX Laboratories Inc: 3.78, West Pharmaceutical Services Inc: 3.63, Invitae Corp: 3.59, Seagen Inc Ordinary Shares: 3.30, Humana Inc: 3.19",525380000.0,42.6,18.56,10,3,1.63
525,FDN,First Trust Dow Jones Internet Index Fund,First Trust,2006-06-19,"The investment seeks investment results that correspond generally to the price and yield (before the fund's fees and expenses) of an equity index called the Dow Jones Internet Composite Index (SM) (the ""index""). The fund will normally invest at least 90% of its net assets (including investment borrowings) in the common stocks that comprise the index. The index is designed to measure the performance of the largest and most actively traded securities issued by U.S. companies in the Internet industry. The index is a composite of its two sub-indices, the Dow Jones Internet Commerce Index and the Dow Jones Internet Services Index. It is non-diversified.",Growth,Large,USD,"Amazon.com Inc: 9.57, Facebook Inc A: 7.32, PayPal Holdings Inc: 4.99, Netflix Inc: 4.94, Salesforce.com Inc: 4.71, Zoom Video Communications Inc: 4.50, Alphabet Inc A: 4.17, Alphabet Inc Class C: 4.10, Cisco Systems Inc: 3.89, Snap Inc Class A: 3.48",9860000000.0,34.42,19.08,11,2,1.6
901,ITB,iShares U.S. Home Construction ETF,iShares,2006-05-01,"The investment seeks to track the investment results of the Dow Jones U.S. Select Home Construction Index composed of U.S. equities in the home construction sector. The fund generally invests at least 90% of its assets in securities of the underlying index and in depositary receipts representing securities of the underlying index. The underlying index measures the performance of the home construction sector of the U.S. equity market. The fund may invest the remainder of its assets in certain futures, options and swap contracts, cash and cash equivalents. It is non-diversified.",Blend,Medium,USD,"D.R. Horton Inc: 14.05, Lennar Corp: 12.26, NVR Inc: 8.74, PulteGroup Inc: 6.95, Lowe's Companies Inc: 4.65, Sherwin-Williams Co: 4.65, The Home Depot Inc: 4.52, TopBuild Corp: 3.22, Toll Brothers Inc: 3.08, Masco Corp: 2.93",2140000000.0,17.66,16.99,9,4,1.6
845,IGV,iShares Expanded Tech-Software Sector ETF,iShares,2001-07-10,The investment seeks to track the investment results of the S&P North American Expanded Technology Software IndexTM. The fund generally invests at least 90% of its assets in securities of the underlying index and in depositary receipts representing securities of the underlying index. The index measures the performance of U.S.-traded stocks from the software industry and select companies from the interactive home entertainment and interactive media and services industries in the U.S. and Canada. The fund is non-diversified.,Growth,Large,USD,"Microsoft Corp: 8.24, Adobe Inc: 7.85, Salesforce.com Inc: 7.84, Oracle Corp: 6.50, ServiceNow Inc: 5.72, Zoom Video Communications Inc: 5.03, Intuit Inc: 4.94, Activision Blizzard Inc: 3.51, Autodesk Inc: 3.10, DocuSign Inc: 2.23",5050000000.0,31.52,19.05,14,4,1.59
1196,PSCH,Invesco S&P SmallCap Health Care ETF,Invesco,2010-04-07,"The investment seeks to track the investment results (before fees and expenses) of the S&P SmallCap 600 Capped Health Care Index (the ""underlying index""). The fund generally will invest at least 90% of its total assets in the securities of small-capitalization U.S. healthcare companies that comprise the underlying index. These companies are principally engaged in the business of providing healthcare-related products, facilities and services, including biotechnology, pharmaceuticals, medical technology and supplies.",Growth,Small,USD,"NeoGenomics Inc: 5.48, Omnicell Inc: 4.55, AMN Healthcare Services Inc: 3.63, Ensign Group Inc: 3.62, Glaukos Corp: 3.08, Merit Medical Systems Inc: 3.02, Covetrus Inc: 2.94, Conmed Corp: 2.85, Select Medical Holdings Corp: 2.84, HMS Holdings Corp: 2.82",381140000.0,3.44,18.54,9,0,1.58
850,IHI,iShares U.S. Medical Devices ETF,iShares,2006-05-01,"The investment seeks to track the investment results of the Dow Jones U.S. Select Medical Equipment Index composed of U.S. equities in the medical devices sector. The fund generally invests at least 90% of its assets in securities of the underlying index and in depositary receipts representing securities of the underlying index. The underlying index includes medical equipment companies, including manufacturers and distributors of medical devices such as magnetic resonance imaging (MRI) scanners, prosthetics, pacemakers, X-ray machines, and other non-disposable medical devices. The fund is non-diversified.",Growth,Large,USD,"Thermo Fisher Scientific Inc: 13.89, Abbott Laboratories: 13.81, Medtronic PLC: 10.03, Danaher Corp: 9.00, Stryker Corp: 4.40, Becton, Dickinson and Co: 4.39, Intuitive Surgical Inc: 4.15, Edwards Lifesciences Corp: 3.75, Boston Scientific Corp: 3.69, Baxter International Inc: 3.31",8150000000.0,12.97,19.19,11,2,1.57
1254,QQQ,Invesco QQQ Trust,Invesco,1999-03-10,"The investment seeks investment results that generally correspond to the price and yield performance of the NASDAQ100 Index. To maintain the correspondence between the composition and weights of the securities in the trust (the ""securities"") and the stocks in the NASDAQ-100 Index, the adviser adjusts the securities from time to time to conform to periodic changes in the identity andu002For relative weights of index securities. The composition and weighting of the securities portion of a portfolio deposit are also adjusted to conform to changes in the index.",Growth,Large,USD,"Apple Inc: 13.37, Amazon.com Inc: 10.91, Microsoft Corp: 10.51, Facebook Inc A: 4.58, Alphabet Inc A: 3.64, Alphabet Inc Class C: 3.55, Tesla Inc: 3.31, NVIDIA Corp: 2.78, PayPal Holdings Inc: 1.98, Netflix Inc: 1.92",129990000000.0,27.37,19.05,15,5,1.56
1552,VGT,Vanguard Information Technology Index Fund ETF Shares,Vanguard,2004-01-26,"The investment seeks to track the performance of a benchmark index. The fund employs an indexing investment approach designed to track the performance of the MSCI US Investable Market Indexu002FInformation Technology 25u002F50, an index made up of stocks of large, mid-size, and small U.S. companies within the information technology sector, as classified under the Global Industry Classification Standard. The Advisor attempts to replicate the target index by seeking to invest all, or substantially all, of its assets in the stocks that make up the index, in order to hold each stock in approximately the same proportion as its weighting in the index. It is non-diversified.",Growth,Large,USD,"Apple Inc: 21.61, Microsoft Corp: 16.70, NVIDIA Corp: 3.53, Visa Inc Class A: 3.28, Mastercard Inc A: 2.95, Adobe Inc: 2.47, Salesforce.com Inc: 2.39, PayPal Holdings Inc: 2.38, Intel Corp: 2.15, Cisco Systems Inc: 1.74",39640000000.0,22.73,18.95,14,1,1.56
840,IGM,iShares Expanded Tech Sector ETF,iShares,2001-03-13,The investment seeks to track the investment results of an index composed of North American equities in the technology sector and select North American equities from communication services and consumer discretionary sectors. The fund invests at least 90% of its assets in securities of the index and in depositary receipts representing securities of the index. The index measures the performance of U.S.-traded stocks from the technology sector and select technology-related companies from the communication services and consumer discretionary sectors in the U.S. and Canada. The fund is non-diversified.,Growth,Large,USD,"Microsoft Corp: 8.43, Apple Inc: 8.20, Amazon.com Inc: 8.18, Facebook Inc A: 6.20, Alphabet Inc A: 4.57, Alphabet Inc Class C: 4.48, NVIDIA Corp: 3.03, Visa Inc Class A: 3.01, Mastercard Inc A: 2.50, PayPal Holdings Inc: 2.14",2680000000.0,24.7,18.76,15,3,1.55
1652,XNTK,SPDR NYSE Technology ETF,SPDR State Street Global Advisors,2000-09-25,"The investment seeks to provide investment results that, before fees and expenses, correspond generally to the total return performance of the NYSE Technology Index that tracks the performance of publicly traded technology companies. The fund generally invests substantially all, but at least 80%, of its total assets in the securities comprising the index. It may invest in equity securities that are not included in the index, cash and cash equivalents or money market instruments, such as repurchase agreements and money market funds. The index is composed of 35 leading U.S.-listed technology-related companies.",Growth,Large,USD,"Tesla Inc: 10.63, Shopify Inc A: 4.72, JD.com Inc ADR: 4.71, NVIDIA Corp: 4.39, Advanced Micro Devices Inc: 3.59, ServiceNow Inc: 3.58, Amazon.com Inc: 3.39, Netflix Inc: 3.13, Apple Inc: 3.11, Alibaba Group Holding Ltd ADR: 2.92",490910000.0,41.24,18.09,14,5,1.52
1258,QTEC,First Trust NASDAQ-100-Technology Sector Index Fund,First Trust,2006-04-19,"The investment seeks investment results that correspond generally to the price and yield (before the fund's fees and expenses) of an equity index called the NASDAQ-100 Technology Sector IndexSM. The fund will normally invest at least 90% of its net assets (including investment borrowings) in the common stocks and depositary receipts that comprise the index. The index is an equal-weighted index composed of the securities comprising the NASDAQ-100 Index that are classified as ""technology"" according to the Industry Classification Benchmark classification system.",Growth,Large,USD,"Xilinx Inc: 2.99, Splunk Inc: 2.88, Lam Research Corp: 2.81, Qualcomm Inc: 2.80, KLA Corp: 2.76, Facebook Inc A: 2.72, Synopsys Inc: 2.71, Cadence Design Systems Inc: 2.70, DocuSign Inc: 2.68, Workday Inc Class A: 2.66",2830000000.0,16.53,17.92,9,4,1.51
957,IYW,iShares U.S. Technology ETF,iShares,2000-05-15,The investment seeks to track the investment results of the Dow Jones U.S. Technology Capped Index. The fund generally invests at least 90% of its assets in securities of the underlying index and in depositary receipts representing securities of the underlying index. The underlying index measures the performance of U.S. companies in the technology sector. The fund is non-diversified.,Growth,Large,USD,"Apple Inc: 19.74, Microsoft Corp: 17.28, Facebook Inc A: 4.41, NVIDIA Corp: 4.01, Alphabet Inc A: 3.46, Alphabet Inc Class C: 3.39, Adobe Inc: 2.78, Salesforce.com Inc: 2.74, Intel Corp: 2.44, Cisco Systems Inc: 1.97",5840000000.0,26.72,17.98,14,5,1.5
1203,PSJ,Invesco Dynamic Software ETF,Invesco,2005-06-23,"The investment seeks to track the investment results (before fees and expenses) of the Dynamic Software IntellidexSM Index. The fund generally will invest at least 90% of its total assets in the securities that comprise the underlying index. The underlying index is composed of common stocks of U.S. software companies. These companies are principally engaged in the research, design, production or distribution of products or processes that relate to software applications and systems and information-based services. The fund is non-diversified.",Growth,Medium,USD,"Snap Inc Class A: 9.47, DocuSign Inc: 4.85, Liberty Broadband Corp C: 4.71, Activision Blizzard Inc: 4.52, Shopify Inc A: 4.52, Adobe Inc: 4.41, Microsoft Corp: 4.41, Electronic Arts Inc: 4.26, Roku Inc Class A: 3.60, Avalara Inc: 3.13",507220000.0,24.04,17.96,12,2,1.5
1639,XLK,Technology Select Sector SPDR Fund,SPDR State Street Global Advisors,1998-12-16,"The investment seeks investment results that, before expenses, correspond generally to the price and yield performance of publicly traded equity securities of companies in the Technology Select Sector Index. In seeking to track the performance of the index, the fund employs a replication strategy, which means that the fund typically invests in substantially all of the securities represented in the index in approximately the same proportions as the index. It generally invests substantially all, but at least 95%, of its total assets in the securities comprising the index. The fund is non-diversified.",Growth,Large,USD,"Apple Inc: 23.49, Microsoft Corp: 20.57, NVIDIA Corp: 4.15, Visa Inc Class A: 4.11, Mastercard Inc A: 3.42, PayPal Holdings Inc: 2.93, Adobe Inc: 2.88, Salesforce.com Inc: 2.84, Intel Corp: 2.53, Cisco Systems Inc: 2.04",32680000000.0,22.17,18.28,15,6,1.5
511,FBT,First Trust NYSE Arca Biotechnology Index Fund,First Trust,2006-06-19,"The investment seeks investment results that correspond generally to the price and yield (before the fund's fees and expenses) of an equity index called the NYSE Arca Biotechnology IndexSM. The fund will normally invest at least 90% of its net assets (including investment borrowings) in the common stocks and depositary receipts that comprise the index. The index is an equal-dollar weighted index designed to measure the performance of a cross section of small, mid and large capitalization companies in the biotechnology industry that are primarily involved in the use of biological processes to develop products or provide services.",Growth,Medium,USD,"Exact Sciences Corp: 4.07, United Therapeutics Corp: 3.95, ACADIA Pharmaceuticals Inc: 3.85, Agios Pharmaceuticals Inc: 3.78, Ultragenyx Pharmaceutical Inc: 3.59, Ionis Pharmaceuticals Inc: 3.45, Sarepta Therapeutics Inc: 3.43, Neurocrine Biosciences Inc: 3.37, Illumina Inc: 3.36, Bio-Techne Corp: 3.35",1870000000.0,2.71,15.84,9,4,1.48
1209,PTF,Invesco DWA Technology Momentum ETF,Invesco,2006-10-12,"The investment seeks to track the investment results (before fees and expenses) of the Dorsey Wright Technology Technical Leaders Index (the ""underlying index""). The fund generally will invest at least 90% of its total assets in the securities that comprise the underlying index. The underlying index is composed of at least 30 securities of companies in the technology sector that have powerful relative strength or ""momentum"" characteristics.",Growth,Large,USD,"Five9 Inc: 5.48, Apple Inc: 5.22, NVIDIA Corp: 4.80, Monolithic Power Systems Inc: 4.33, Enphase Energy Inc: 3.61, EPAM Systems Inc: 3.54, Pinterest Inc: 3.52, Cadence Design Systems Inc: 3.38, Veeva Systems Inc Class A: 3.35, Advanced Micro Devices Inc: 3.24",252970000.0,42.32,16.68,11,2,1.45
757,IBB,iShares Nasdaq Biotechnology ETF,iShares,2001-02-05,"The investment seeks to track the investment results of the NASDAQ Biotechnology Index, which contains securities of companies listed on NASDAQ that are classified according to the Industry Classification Benchmark as either biotechnology or pharmaceuticals and that also meet other eligibility criteria determined by Nasdaq, Inc. The fund generally invests at least 90% of its assets in securities of the index and in depositary receipts representing securities of the index. It may invest the remainder of its assets in certain futures, options and swap contracts, cash and cash equivalents. It is non-diversified.",Growth,Medium,USD,"Gilead Sciences Inc: 7.48, Amgen Inc: 7.35, Regeneron Pharmaceuticals Inc: 6.30, Vertex Pharmaceuticals Inc: 6.02, Illumina Inc: 4.74, Biogen Inc: 3.76, Seagen Inc Ordinary Shares: 3.26, Moderna Inc: 2.99, Alexion Pharmaceuticals Inc: 2.83, Incyte Corp: 2.13",8760000000.0,8.61,16.15,14,4,1.44
650,FXL,First Trust Technology AlphaDEX Fund,First Trust,2007-05-08,The investment seeks investment results that correspond generally to the price and yield (before the fund's fees and expenses) of an equity index called the StrataQuant Technology Index. The fund will normally invest at least 90% of its net assets (including investment borrowings) in the common stocks that comprise the index. The index is a modified equal-dollar weighted index designed by IDI to objectively identify and select stocks from the Russell 1000 Index in the technology sector that may generate positive alpha relative to traditional passive-style indices through the use of the AlphaDEX selection methodology.,Growth,Large,USD,"Pinterest Inc: 2.49, Twilio Inc A: 1.93, Micron Technology Inc: 1.78, Cloudflare Inc: 1.74, Zoom Video Communications Inc: 1.72, HubSpot Inc: 1.69, Zscaler Inc: 1.67, Globant SA: 1.66, Apple Inc: 1.65, DocuSign Inc: 1.64",2140000000.0,24.08,16.36,9,3,1.42
1121,ONEQ,Fidelity NASDAQ Composite Index Tracking Stock Fund,Fidelity Investments,2003-09-25,"The investment seeks to provide investment returns that closely correspond to the price and yield performance of the Nasdaq Composite Index . The fund normally invests at least 80% of assets in common stocks included in the index. It uses statistical sampling techniques that take into account such factors as capitalization, industry exposures, dividend yield, priceu002Fearnings (Pu002FE) ratio, priceu002Fbook (Pu002FB) ratio, and earnings growth to create a portfolio of securities listed in the Nasdaq Composite Index  that have a similar investment profile to the entire index.",Growth,Large,USD,"Apple Inc: 11.57, Microsoft Corp: 9.29, Amazon.com Inc: 9.21, Facebook Inc A: 3.68, Alphabet Inc Class C: 2.86, Alphabet Inc A: 2.57, Tesla Inc: 2.34, NVIDIA Corp: 1.94, Adobe Inc: 1.36, PayPal Holdings Inc: 1.34",2950000000.0,22.23,17.12,13,3,1.42
1530,VCR,Vanguard Consumer Discretionary Index Fund ETF Shares,Vanguard,2004-01-26,"The investment seeks to track the performance of a benchmark index. The fund employs an indexing investment approach designed to track the performance of the MSCI US Investable Market Indexu002FConsumer Discretionary 25u002F50, an index made up of stocks of large, mid-size, and small U.S. companies within the consumer discretionary sector, as classified under the Global Industry Classification Standard. The Advisor attempts to replicate the target index by seeking to invest all, or substantially all, of its assets in the stocks that make up the index, in order to hold each stock in approximately the same proportion as its weighting in the index. It is non-diversified.",Growth,Large,USD,"Amazon.com Inc: 23.00, The Home Depot Inc: 7.25, Tesla Inc: 5.76, McDonald's Corp: 4.02, Nike Inc B: 3.78, Lowe's Companies Inc: 3.04, Starbucks Corp: 2.60, Target Corp: 1.95, Booking Holdings Inc: 1.71, TJX Companies Inc: 1.57",4120000000.0,23.51,16.72,11,4,1.42
615,FPX,First Trust US Equity Opportunities ETF,First Trust,2006-04-12,"The investment seeks investment results that correspond generally to the price and yield (before the fund's fees and expenses) of an equity index called the IPOX-100 U.S. Index. The fund will normally invest at least 90% of its net assets (including investment borrowings) in the common stocks that comprise the index. The index seeks to measure the performance of the equity securities of the 100 largest and typically most liquid initial public offerings (""IPOs"") (including spin-offs and equity carve-outs) of U.S. companies. It is non-diversified.",Growth,Large,USD,"Snap Inc Class A: 8.47, Thermo Fisher Scientific Inc: 5.67, Marvell Technology Group Ltd: 4.66, Uber Technologies Inc: 4.53, Zoom Video Communications Inc: 4.23, Fidelity National Information Services Inc: 4.12, Eli Lilly and Co: 3.27, PayPal Holdings Inc: 2.78, DocuSign Inc: 2.70, Spotify Technology SA: 2.63",1460000000.0,19.33,16.77,11,2,1.41
944,IXN,iShares Global Tech ETF,iShares,2001-11-12,"The investment seeks to track the investment results of the S&P Global 1200 Information Technology IndexTM. The fund generally invests at least 90% of its assets in securities of the index and in depositary receipts representing securities of the index. It may invest the remainder of its assets in certain futures, options and swap contracts, cash and cash equivalents, as well as in securities not included in the index. The index measures the performance of companies that the index provider deems to be part of the information technology sector of the economy and that the index provider believes are important to global markets. It is non-diversified.",Growth,Large,USD,"Apple Inc: 18.75, Microsoft Corp: 16.42, NVIDIA Corp: 3.31, Visa Inc Class A: 3.28, Taiwan Semiconductor Manufacturing Co Ltd: 3.06, Samsung Electronics Co Ltd: 2.74, Mastercard Inc A: 2.73, PayPal Holdings Inc: 2.34, Adobe Inc: 2.30, Salesforce.com Inc: 2.26",4130000000.0,19.54,16.85,14,4,1.41
1644,XLY,Consumer Discretionary Select Sector SPDR Fund,SPDR State Street Global Advisors,1998-12-16,"The investment seeks investment results that, before expenses, correspond to the price and yield performance of publicly traded equity securities of companies in the Consumer Discretionary Select Sector Index. The fund employs a replication strategy. It generally invests substantially all, but at least 95%, of its total assets in the securities comprising the index. The index includes securities of companies from the following industries: retail; hotels, restaurants and leisure; textiles, apparel and luxury goods; household durables; automobiles; auto components; distributors; leisure products; and diversified consumer services. It is non-diversified.",Growth,Large,USD,"Amazon.com Inc: 22.75, The Home Depot Inc: 12.03, McDonald's Corp: 6.64, Nike Inc B: 6.27, Lowe's Companies Inc: 4.46, Starbucks Corp: 4.31, Target Corp: 3.23, Booking Holdings Inc: 2.82, TJX Companies Inc: 2.58, Dollar General Corp: 2.20",15410000000.0,15.06,16.71,16,5,1.4
1330,RYT,Invesco S&P 500 Equal Weight Technology ETF,Invesco,2006-11-01,"The investment seeks to track the investment results (before fees and expenses) of the S&P 500 Equal Weight Information Technology Index (the ""underlying index""). The fund generally will invest at least 90% of its total assets in the securities that comprise the underlying index. The underlying index is composed of all of the components of the S&P 500 Information Technology Index, an index that contains the common stocks of all companies included in the S&P 500 Index that are classified as members of the information technology services sector, as defined according to the Global Industry Classification Standard (""GICS""). The fund is non-diversified.",Blend,Large,USD,"Paycom Software Inc: 1.85, Xilinx Inc: 1.62, Automatic Data Processing Inc: 1.60, Tyler Technologies Inc: 1.59, IPG Photonics Corp: 1.58, Teradyne Inc: 1.58, Lam Research Corp: 1.57, KLA Corp: 1.55, Keysight Technologies Inc: 1.53, Zebra Technologies Corp: 1.53",1810000000.0,6.2,16.32,10,3,1.39
940,IWY,iShares Russell Top 200 Growth ETF,iShares,2009-09-22,"The investment seeks to track the investment results of the Russell Top 200 Growth Index, which measures the performance of the largest capitalization growth sector of the U.S. equity market. The fund generally will invest at least 90% of its assets in the component securities of the underlying index and may invest up to 10% of its assets in certain futures, options and swap contracts, cash and cash equivalents, as well as in securities not included in the underlying index, but which the advisor believes will help the fund track the underlying index.",Growth,Large,USD,"Apple Inc: 13.36, Microsoft Corp: 11.53, Amazon.com Inc: 9.79, Facebook Inc A: 4.81, Alphabet Inc A: 2.86, Alphabet Inc Class C: 2.84, Visa Inc Class A: 2.33, NVIDIA Corp: 2.25, Tesla Inc: 2.18, Mastercard Inc A: 1.94",3050000000.0,21.59,16.84,9,1,1.38
1060,MGK,Vanguard Mega Cap Growth Index Fund ETF Shares,Vanguard,2007-12-17,"The investment seeks to track the performance of the CRSP US Mega Cap Growth Index. The fund employs an indexing investment approach designed to track the performance of the index. The index is a float-adjusted, market-capitalization-weighted index designed to measure equity market performance of mega-capitalization growth stocks in the United States. The Advisor attempts to replicate the target index by investing all, or substantially all, of its assets in the stocks that make up the index, holding each stock in approximately the same proportion as its weighting in the index. The fund is non-diversified.",Growth,Large,USD,"Apple Inc: 12.64, Microsoft Corp: 11.56, Amazon.com Inc: 9.75, Facebook Inc A: 4.77, Alphabet Inc A: 3.64, Alphabet Inc Class C: 3.49, Visa Inc Class A: 2.31, NVIDIA Corp: 2.22, Tesla Inc: 2.18, The Home Depot Inc: 2.17",9150000000.0,23.62,16.31,10,2,1.35
849,IHF,iShares U.S. Healthcare Providers ETF,iShares,2006-05-01,"The investment seeks to track the investment results of the Dow Jones U.S. Select Health Care Providers Index composed of U.S. equities in the healthcare providers sector. The fund generally invests at least 90% of its assets in securities of the underlying index and in depositary receipts representing securities of the underlying index. The underlying index measures the performance of the healthcare providers sector of the U.S. equity market. The fund may invest the remainder of its assets in certain futures, options and swap contracts, cash and cash equivalents. It is non-diversified.",Blend,Large,USD,"UnitedHealth Group Inc: 22.02, CVS Health Corp: 11.25, Anthem Inc: 10.52, Centene Corp: 4.64, Humana Inc: 4.40, Cigna Corp: 4.32, HCA Healthcare Inc: 4.17, Laboratory Corp of America Holdings: 4.16, Quest Diagnostics Inc: 3.51, Teladoc Health Inc: 3.41",913560000.0,0.55,15.75,12,1,1.34
974,JKE,iShares Morningstar Large-Cap Growth ETF,iShares,2004-06-28,"The investment seeks to track the investment results of the Morningstar Large Growth IndexSM composed of large-capitalization U.S. equities that exhibit growth characteristics. The fund generally invests at least 90% of its assets in securities of the underlying index and in depositary receipts representing securities of the underlying index. The underlying index measures the performance of stocks issued by large-capitalization companies that have exhibited above-average ""growth"" characteristics as determined by Morningstar, Inc.'s (""Morningstar"" or the ""index provider"") proprietary index methodology.",Growth,Large,USD,"Microsoft Corp: 7.01, Amazon.com Inc: 6.18, Facebook Inc A: 4.03, NVIDIA Corp: 3.05, Tesla Inc: 3.01, Visa Inc Class A: 2.79, PayPal Holdings Inc: 2.71, Alphabet Inc A: 2.66, Netflix Inc: 2.64, Alphabet Inc Class C: 2.61",1710000000.0,22.04,16.17,14,1,1.34
1573,VONG,Vanguard Russell 1000 Growth Index Fund ETF Shares,Vanguard,2010-09-20,"The investment seeks to track the performance of the Russell 1000 Growth Index. The index is designed to measure the performance of large-capitalization growth stocks in the United States. The Advisor attempts to replicate the target index by investing all, or substantially all, of its assets in the stocks that make up the index, holding each stock in approximately the same proportion as its weighting in the index. The fund may become non-diversified, as defined under the Investment Company Act of 1940, solely as a result of a change in relative market capitalization or index weighting of one or more constituents of the index.",Growth,Large,USD,"Apple Inc: 11.02, Microsoft Corp: 9.51, Amazon.com Inc: 8.07, Facebook Inc A: 3.96, Alphabet Inc A: 2.36, Alphabet Inc Class C: 2.34, Visa Inc Class A: 1.92, NVIDIA Corp: 1.86, Tesla Inc: 1.80, Mastercard Inc A: 1.60",7830000000.0,20.35,16.18,8,1,1.34
930,IWF,iShares Russell 1000 Growth ETF,iShares,2000-05-22,"The investment seeks to track the investment results of the Russell 1000 Growth Index, which measures the performance of large- and mid-capitalization growth sectors of the U.S. equity market. The fund generally invests at least 90% of its assets in securities of the underlying index and in depositary receipts representing securities of the underlying index. It may invest the remainder of its assets in certain futures, options and swap contracts, cash and cash equivalents, as well as in securities not included in the underlying index, but which the advisor believes will help the fund track the underlying index.",Growth,Large,USD,"Apple Inc: 11.00, Microsoft Corp: 9.49, Amazon.com Inc: 8.06, Facebook Inc A: 3.96, Alphabet Inc A: 2.36, Alphabet Inc Class C: 2.33, Visa Inc Class A: 1.92, NVIDIA Corp: 1.85, Tesla Inc: 1.80, Mastercard Inc A: 1.59",56040000000.0,19.97,16.07,15,4,1.33
1343,SCHG,Schwab U.S. Large-Cap Growth ETF,Schwab ETFs,2009-12-11,"The investment seeks to track as closely as possible, before fees and expenses, the total return of the Dow Jones U.S. Large-Cap Growth Total Stock Market Index. To pursue its goal, the fund generally invests in stocks that are included in the Dow Jones U.S. Large-Cap Growth Total Stock Market Index. The index includes the large-cap growth portion of the Dow Jones U.S. Total Stock Market Index actually available to investors in the marketplace. The Dow Jones U.S. Large-Cap Growth Total Stock Market Index includes the components ranked 1-750 by full market capitalization and that are classified as ""growth"" based on a number of factors.",Growth,Large,USD,"Apple Inc: 12.32, Microsoft Corp: 10.78, Amazon.com Inc: 9.10, Facebook Inc A: 4.45, Alphabet Inc A: 3.42, Alphabet Inc Class C: 3.35, NVIDIA Corp: 2.18, Visa Inc Class A: 2.16, Tesla Inc: 2.04, UnitedHealth Group Inc: 2.04",11670000000.0,21.09,16.05,8,2,1.33
1628,XHB,SPDR S&P Homebuilders ETF,SPDR State Street Global Advisors,2006-01-31,"The investment seeks to provide investment results that, before fees and expenses, correspond generally to the total return performance of an index derived from the homebuilding segment of a U.S. total market composite index. In seeking to track the performance of the S&P Homebuilders Select Industry Index (the ""index""), the fund employs a sampling strategy. It generally invests substantially all, but at least 80%, of its total assets in the securities comprising the index. The index represents the homebuilders segment of the S&P Total Market Index (""S&P TMI"").",Blend,Medium,USD,"Carrier Global Corp Ordinary Shares: 4.77, Trane Technologies PLC: 4.74, Whirlpool Corp: 4.47, Mohawk Industries Inc: 4.44, Trex Co Inc: 4.25, Johnson Controls International PLC: 4.23, Williams-Sonoma Inc: 4.16, Lowe's Companies Inc: 4.08, The Home Depot Inc: 4.03, D.R. Horton Inc: 3.91",1390000000.0,15.19,13.91,8,5,1.32
1228,PXMG,Invesco S&P MidCap Momentum ETF,Invesco,2005-03-03,"The investment seeks to track the investment results (before fees and expenses) of the S&P MidCap 400 Momentum Index (the ""underlying index""). The fund generally will invest at least 90% of its total assets in the securities that comprise the underlying index. Strictly in accordance with its guidelines and mandated procedures, the index provider compiles, maintains and calculates the underlying index, which is composed of constituents of the S&P MidCap 400 that have the highest momentum score.",Growth,Medium,USD,"Paycom Software Inc: 3.27, Chipotle Mexican Grill Inc Class A: 3.10, Ulta Beauty Inc: 2.71, RingCentral Inc Class A: 2.57, Universal Display Corp: 2.37, ServiceNow Inc: 2.31, Square Inc A: 2.28, Copart Inc: 2.22, O'Reilly Automotive Inc: 2.19, Match Group Inc: 2.18",607580000.0,23.96,15.45,10,3,1.31
1595,VUG,Vanguard Growth Index Fund ETF Shares,Vanguard,2004-01-26,"The investment seeks to track the performance of a benchmark index that measures the investment return of the CRSP US Large Cap Growth Index. The fund employs an indexing investment approach designed to track the performance of index, a broadly diversified index predominantly made up of growth stocks of large U.S. companies. The advisor attempts to replicate the target index by investing all, or substantially all, of its assets in the stocks that make up the index, holding each stock in approximately the same proportion as its weighting in the index. The fund is non-diversified.",Growth,Large,USD,"Apple Inc: 10.54, Microsoft Corp: 9.64, Amazon.com Inc: 8.13, Facebook Inc A: 3.98, Alphabet Inc A: 3.05, Alphabet Inc Class C: 2.89, Visa Inc Class A: 1.86, NVIDIA Corp: 1.85, Tesla Inc: 1.82, The Home Depot Inc: 1.81",125920000000.0,21.97,15.78,13,2,1.31
947,IYC,iShares U.S. Consumer Services ETF,iShares,2000-06-12,The investment seeks to track the investment results of the Dow Jones U.S. Consumer Services Capped Index. The fund generally invests at least 90% of its assets in securities of the underlying index and in depositary receipts representing securities of the underlying index. The underlying index measures the performance of domestic equities in the consumer services industry.,Blend,Large,USD,"Amazon.com Inc: 9.57, The Home Depot Inc: 8.19, Costco Wholesale Corp: 4.79, Walmart Inc: 4.60, McDonald's Corp: 4.58, Netflix Inc: 4.41, Comcast Corp Class A: 4.39, The Walt Disney Co: 4.22, Lowe's Companies Inc: 3.78, Starbucks Corp: 3.22",1040000000.0,6.91,15.4,15,4,1.29
1435,SPYG,SPDR Portfolio S&P 500 Growth ETF,SPDR State Street Global Advisors,2000-09-25,"The investment seeks to provide investment results that, before fees and expenses, correspond generally to the total return performance of the S&P 500 Growth Index that tracks the performance of large capitalization exchange traded U.S. equity securities exhibiting ""growth"" characteristics. The fund generally invests substantially all, but at least 80%, of its total assets in the securities comprising the index. The index measures the performance of the large-capitalization growth segment of the U.S. equity market. It is non-diversified.",Growth,Large,USD,"Apple Inc: 10.60, Microsoft Corp: 9.28, Amazon.com Inc: 7.83, Facebook Inc A: 3.83, Alphabet Inc A: 2.94, Alphabet Inc Class C: 2.88, NVIDIA Corp: 1.87, Visa Inc Class A: 1.86, Mastercard Inc A: 1.54, PayPal Holdings Inc: 1.32",8960000000.0,17.02,15.55,15,4,1.29
1216,PWB,Invesco Dynamic Large Cap Growth ETF,Invesco,2005-03-03,The investment seeks to track the investment results (before fees and expenses) of the Dynamic Large Cap Growth IntellidexSM Index. The fund generally will invest at least 90% of its total assets in the securities that comprise the underlying index. The underlying index is composed of large-capitalization U.S. growth stocks that the index Provider includes principally on the basis of their capital appreciation potential.,Growth,Large,USD,"Danaher Corp: 3.91, Thermo Fisher Scientific Inc: 3.89, NVIDIA Corp: 3.58, UnitedHealth Group Inc: 3.38, Alphabet Inc A: 3.32, Facebook Inc A: 3.32, PayPal Holdings Inc: 3.31, Abbott Laboratories: 3.27, Apple Inc: 3.20, Microsoft Corp: 3.14",720430000.0,17.22,15.48,13,1,1.28
1576,VOOG,Vanguard S&P 500 Growth Index Fund ETF Shares,Vanguard,2010-09-07,"The investment seeks to track the performance of a benchmark index that measures the investment return of large-capitalization growth stocks in the United States. The fund employs an indexing investment approach designed to track the performance of the S&P 500 Growth Index, which represents the growth companies, as determined by the index sponsor, of the S&P 500 Index. The index measures the performance of large-capitalization growth companies in the United States.",Growth,Large,USD,"Apple Inc: 10.60, Microsoft Corp: 9.28, Amazon.com Inc: 7.83, Facebook Inc A: 3.83, Alphabet Inc A: 2.93, Alphabet Inc Class C: 2.90, NVIDIA Corp: 1.87, Visa Inc Class A: 1.86, Mastercard Inc A: 1.54, PayPal Holdings Inc: 1.32",4200000000.0,16.89,15.41,8,1,1.28
73,1590,iShares US Real Estate ETF,iShares,2000-06-12,"The investment seeks to track the investment results of the Dow Jones U.S. Real Estate Index. The fund generally invests at least 90% of its assets in securities of the underlying index and in depositary receipts representing securities of the underlying index. The underlying fund measures the performance of the real estate sector of the U.S. equity market and may include large-, mid- or small-capitalization companies.",Blend,Medium,USD,"American Tower Corp: 6.78, Simon Property Group Inc: 5.37, Crown Castle International Corp: 4.46, Prologis Inc: 3.97, Public Storage: 2.99, Equinix Inc: 2.87, Welltower Inc: 2.52, AvalonBay Communities Inc: 2.46, Equity Residential: 2.45, Digital Realty Trust Inc: 2.22",3570000000.0,3.8,13.97,15,2,1.27
910,IUSP,iShares US Property Yield ETF USD Dist,BlackRock Asset Management Ireland - ETF,2006-11-03,"The investment objective of this Fund is to provide investors with a total return, taking into account both capital and income returns, which reflects the return of the FTSE EPRAu002FNAREIT United States Dividend + Index. In order to achieve its investment objective, the investment policy of this Fund is to invest in a portfolio of equity securities that so far as possible and practicable consists of the component securities of the FTSE EPRAu002FNAREIT United States Dividend + Index, this Funds Benchmark Index.",Blend,Medium,USD,"Simon Property Group Inc: 7.30, Prologis Inc: 5.38, Public Storage: 4.04, Welltower Inc: 3.44, AvalonBay Communities Inc: 3.36, Equity Residential: 3.26, Digital Realty Trust Inc: 3.02, Ventas Inc: 2.88, Boston Properties Inc: 2.59, Realty Income Corp: 2.37",675320000.0,2.74,,9,2,1.27
924,IVW,iShares S&P 500 Growth ETF,iShares,2000-05-22,"The investment seeks to track the investment results of the S&P 500 Growth IndexTM, which measures the performance of the large-capitalization growth sector of the U.S. equity market. The fund generally invests at least 90% of its assets in securities of the underlying index and in depositary receipts representing securities of the underlying index. It may invest the remainder of its assets in certain futures, options and swap contracts, cash and cash equivalents, as well as in securities not included in the underlying index, but which BFA believes will help the fund track the underlying index.",Growth,Large,USD,"Apple Inc: 10.59, Microsoft Corp: 9.27, Amazon.com Inc: 7.82, Facebook Inc A: 3.83, Alphabet Inc A: 2.94, Alphabet Inc Class C: 2.88, NVIDIA Corp: 1.87, Visa Inc Class A: 1.85, Mastercard Inc A: 1.54, PayPal Holdings Inc: 1.32",28670000000.0,16.96,15.41,15,4,1.27
1328,RYH,Invesco S&P 500 Equal Weight Health Care ETF,Invesco,2006-11-01,"The investment seeks to track the investment results (before fees and expenses) of the S&P 500 Equal Weight Health Care Index (the ""underlying index""). The fund generally will invest at least 90% of its total assets in the securities that comprise the underlying index. The underlying index is composed of all of the components of the S&P 500 Health Care Index, an index that contains the common stocks of all companies included in the S&P 500 Index that are classified as members of the health care sector, as defined according to the Global Industry Classification Standard (""GICS""). The fund is non-diversified.",Blend,Large,USD,"Align Technology Inc: 2.14, IDEXX Laboratories Inc: 1.86, Bio-Rad Laboratories Inc: 1.85, Danaher Corp: 1.79, ResMed Inc: 1.78, Hologic Inc: 1.77, Quest Diagnostics Inc: 1.77, Laboratory Corp of America Holdings: 1.76, PerkinElmer Inc: 1.76, Thermo Fisher Scientific Inc: 1.75",697150000.0,5.12,15.24,10,3,1.27
1553,VHT,Vanguard Health Care Index Fund ETF Shares,Vanguard,2004-01-26,"The investment seeks to track the performance of a benchmark index. The fund employs an indexing investment approach designed to track the performance of the MSCI US Investable Market Index (IMI)u002FHealth Care 25u002F50, an index made up of stocks of large, mid-size, and small U.S. companies within the health care sector, as classified under the Global Industry Classification Standard (GICS). The Advisor attempts to replicate the target index by seeking to invest all, or substantially all, of its assets in the stocks that make up the index, in order to hold each stock in approximately the same proportion as its weighting in the index. The fund is non-diversified.",Blend,Large,USD,"Johnson & Johnson: 7.81, UnitedHealth Group Inc: 6.26, Pfizer Inc: 4.26, Merck & Co Inc: 4.10, Thermo Fisher Scientific Inc: 4.04, Abbott Laboratories: 4.02, Danaher Corp: 3.16, AbbVie Inc: 3.13, Medtronic PLC: 2.92, Bristol-Myers Squibb Company: 2.86",12740000000.0,4.34,15.34,13,2,1.27
648,FXH,First Trust Health Care AlphaDEX Fund,First Trust,2007-05-08,The investment seeks investment results that correspond generally to the price and yield (before the fund's fees and expenses) of an equity index called the StrataQuant Health Care Index. The fund will normally invest at least 90% of its net assets (including investment borrowings) in the common stocks that comprise the index. The index is a modified equal-dollar weighted index designed by IDI to objectively identify and select stocks from the Russell 1000 Index in the health care sector that may generate positive alpha relative to traditional passive-style indices through the use of the AlphaDEX selection methodology.,Growth,Medium,USD,"United Therapeutics Corp: 2.54, 10x Genomics Inc Ordinary Shares - Class A: 2.22, NovoCure Ltd: 2.18, Bio-Rad Laboratories Inc: 2.17, Avantor Inc: 2.02, Veeva Systems Inc Class A: 2.00, Charles River Laboratories International Inc: 1.99, Horizon Therapeutics PLC: 1.97, Livongo Health Inc: 1.97, Universal Health Services Inc Class B: 1.94",1300000000.0,13.28,14.82,9,3,1.26
1241,QCLN,First Trust NASDAQ Clean Edge Green Energy Index Fund,First Trust,2007-02-08,"The investment seeks investment results that correspond generally to the price and yield (before the fund's fees and expenses) of an equity index called the NASDAQ Clean Edge Green Energy IndexSM. The fund will normally invest at least 90% of its net assets (including investment borrowings) in the common stocks and depositary receipts that comprise the index. The index is designed to track the performance of small, mid and large capitalization clean energy companies that are publicly traded in the United States. It is non-diversified.",Growth,Medium,USD,"NIO Inc ADR: 11.79, SolarEdge Technologies Inc: 6.84, Enphase Energy Inc: 6.53, Tesla Inc: 5.78, Albemarle Corp: 5.04, Brookfield Renewable Partners LP: 4.20, ON Semiconductor Corp: 4.13, First Solar Inc: 4.01, Universal Display Corp: 3.95, Cree Inc: 3.51",756570000.0,91.41,12.61,5,7,1.26
1253,QQEW,First Trust NASDAQ-100 Equal Weighted Index Fund,First Trust,2006-04-19,The investment seeks investment results that correspond generally to the price and yield (before the fund's fees and expenses) of an equity index called the NASDAQ-100 Equal Weighted IndexSM. The fund will normally invest at least 90% of its net assets (including investment borrowings) in the common stocks and depositary receipts that comprise the index. The index is the equal-weighted version of the NASDAQ-100 Index which includes 100 of the largest U.S. and international non-financial companies listed on Nasdaq based on market capitalization.,Growth,Large,USD,"Align Technology Inc: 1.32, MercadoLibre Inc: 1.27, IDEXX Laboratories Inc: 1.21, Xilinx Inc: 1.19, Pinduoduo Inc ADR: 1.15, Automatic Data Processing Inc: 1.14, Splunk Inc: 1.14, Lam Research Corp: 1.12, Exelon Corp: 1.11, Qualcomm Inc: 1.11",883870000.0,15.09,14.92,10,3,1.26
909,IUSG,iShares Core S&P U.S. Growth ETF,iShares,2000-07-24,"The investment seeks to track the investment results of the S&P 900 Growth Index (the ""underlying index""). The fund generally invests at least 90% of its assets in securities of the underlying index and in depositary receipts representing securities of the underlying index. The underlying index measures the performance of the large- and mid- capitalization growth sector of the U.S. equity market.",Growth,Large,USD,"Apple Inc: 10.02, Microsoft Corp: 8.77, Amazon.com Inc: 7.40, Facebook Inc A: 3.62, Alphabet Inc A: 2.78, Alphabet Inc Class C: 2.73, NVIDIA Corp: 1.77, Visa Inc Class A: 1.75, Mastercard Inc A: 1.46, PayPal Holdings Inc: 1.25",9020000000.0,15.9,15.05,15,4,1.25
71,1588,iShares Russell 2000 ETF,iShares,2000-05-22,"The investment seeks to track the investment results of the Russell 2000 Index, which measures the performance of the small-capitalization sector of the U.S. equity market. The fund generally invests at least 90% of its assets in securities of the underlying index and in depositary receipts representing securities of the underlying index. It may invest the remainder of its assets in certain futures, options and swap contracts, cash and cash equivalents, as well as in securities not included in the underlying index, but which the advisor believes will help the fund track the underlying index.",Blend,Small,USD,"Etsy Inc: 0.32, Integrated Device Technology Inc: 0.31, Five Below Inc: 0.28, Haemonetics Corp: 0.27, HubSpot Inc: 0.25, HealthEquity Inc: 0.24, Idacorp Inc: 0.24, LivaNova PLC: 0.24, Planet Fitness Inc A: 0.24, Ciena Corp: 0.23",45630000000.0,0.97,14.08,12,5,1.24
951,IYH,iShares U.S. Healthcare ETF,iShares,2000-06-12,The investment seeks to track the investment results of the Dow Jones U.S. Health Care Index composed of U.S. equities in the healthcare sector. The fund generally invests at least 90% of its assets in securities of the underlying index and in depositary receipts representing securities of the underlying index. The underlying index measures the performance of the healthcare sector of the U.S. equity market. The fund is non-diversified.,Blend,Large,USD,"Johnson & Johnson: 8.57, UnitedHealth Group Inc: 6.88, Pfizer Inc: 4.68, Merck & Co Inc: 4.51, Thermo Fisher Scientific Inc: 4.44, Abbott Laboratories: 4.42, AbbVie Inc: 3.56, Danaher Corp: 3.44, Medtronic PLC: 3.21, Bristol-Myers Squibb Company: 3.13",2210000000.0,2.87,14.75,15,4,1.23
977,JKH,iShares Morningstar Mid-Cap Growth ETF,iShares,2004-06-28,"The investment seeks to track the investment results of the Morningstar US Mid Growth IndexSM composed of mid-capitalization U.S. equities that exhibit growth characteristics. The fund generally invests at least 90% of its assets in securities of the underlying index and in depositary receipts representing securities of the underlying index. The underlying index measures the performance of stocks issued by mid-capitalization companies that have exhibited above-average ""growth"" characteristics as determined by Morningstar, Inc.'s (""Morningstar"" or the ""index provider"") proprietary index methodology.",Growth,Medium,USD,"Zoom Video Communications Inc: 3.21, Square Inc A: 2.20, MercadoLibre Inc: 2.12, Twilio Inc A: 1.47, Lululemon Athletica Inc: 1.45, DocuSign Inc: 1.42, Workday Inc Class A: 1.40, Veeva Systems Inc Class A: 1.39, IDEXX Laboratories Inc: 1.38, Snap Inc Class A: 1.35",1140000000.0,22.51,14.4,11,4,1.23
1448,STXIND,Satrix Indi ETF,Satrix Managers (Pty) Limited,2002-02-15,"The investment seeks to track the price and yield performance, before fees and expenses, of the FTSEu002FJSE Industrial 25 Index.nThe investment policy of the portfolio shall be to track the Capped INDI Index as closely as possible, by buying only Capped INDI securities in the same weightings in which they are included in the Capped INDI Index from time to time as a result of quarterly Index reviews or corporate actions or which are required to be sold to ensure that the portfolio holds Capped INDI securities in the same weighting as they are included in the Capped INDI index.",Growth,Large,USD,"Naspers Ltd: 29.65, Richemont Securities Ag ADR: 21.33, British American Tobacco PLC: 6.07, Mtn Group Limited: 5.67, Remgro Ltd: 3.65, BidCorp Ltd: 3.52, Shoprite Holdings Limited: 3.07, Vodacom Group Ltd.: 2.70, Aspen Pharmacare Holdings PLC: 2.27, Bidvest Group: 2.24",1760000000.0,-19.36,16.63,13,2,1.21
1643,XLV,Health Care Select Sector SPDR Fund,SPDR State Street Global Advisors,1998-12-16,"The investment seeks investment results that, before expenses, correspond generally to the price and yield performance of publicly traded equity securities of companies in the Health Care Select Sector Index. In seeking to track the performance of the index, the fund employs a replication strategy. It generally invests substantially all, but at least 95%, of its total assets in the securities comprising the index. The index includes companies from the following industries: pharmaceuticals; health care equipment & supplies; health care providers & services; biotechnology; life sciences tools & services; and health care technology. The fund is non-diversified.",Blend,Large,USD,"Johnson & Johnson: 9.45, UnitedHealth Group Inc: 7.59, Pfizer Inc: 5.16, Merck & Co Inc: 4.98, Thermo Fisher Scientific Inc: 4.90, Abbott Laboratories: 4.87, AbbVie Inc: 3.93, Danaher Corp: 3.79, Medtronic PLC: 3.54, Bristol-Myers Squibb Company: 3.45",22440000000.0,1.15,14.53,16,5,1.21
1199,PSCT,Invesco S&P SmallCap Information Technology ETF,Invesco,2010-04-07,"The investment seeks to track the investment results (before fees and expenses) of the S&P SmallCap 600 Capped Information Technology Index (the ""underlying index""). The fund generally will invest at least 90% of its total assets in the securities of small-capitalization U.S. information technology companies that comprise the underlying index. These companies are principally engaged in the business of providing information technology-related products and services, including computer hardware and software, Internet, electronics and semiconductors, and communication technologies.",Growth,Small,USD,"Brooks Automation Inc: 3.72, LivePerson Inc: 3.67, Power Integrations Inc: 3.64, SPS Commerce Inc: 3.12, Viavi Solutions Inc: 2.98, Itron Inc: 2.88, Advanced Energy Industries Inc: 2.76, Alarm.com Holdings Inc: 2.74, ExlService Holdings Inc: 2.66, Diodes Inc: 2.57",234180000.0,-6.41,13.35,7,2,1.2
1315,RTWO,L&G Russell 2000 US Small Cap ETF,LGIM ETF Managers Limited,2008-09-11,"The Fund is designed to track the performance of the Russell 2000 Index. RTWO is an Exchange Traded Fund (""ETF"") which is tradable by investors on stock exchanges intraday and can be created and redeemed directly with the Issuer by Authorised Participants. RTWO is authorised and regulated as a UCITS and is eligible for investment by other UCITS. RTWO gains exposure to the performance of the Russell 2000 Index through Total Return Swaps entered into with multiple counterparties participating on the UCITS ETF platform. Any exposure to the counterparties is collateralised on a daily basis. Details of the collateral held is available at: www. etfsecurities. com",Blend,Small,USD,TRS Russell 2000 NR USD: 100.00,53640000.0,-0.86,13.63,7,2,1.2
1382,SLGOMXH25,Seligson & Co OMX Helsinki 25 Indeks ETF,Seligson & Co Rahastoyhti Oyj,2002-02-08,"Seligson & Co OMXH25 ETF is a publicly traded fund which tracks the return of the OMX Helsinki 25 Stock Index, ie. its assets are invested according to the index. nThe ETF provides an easy and cost-effective way to invest in a well-distributed stock portfolio, which follows the share price development of the most traded shares in the Helsinki Stock Exchange.",Blend,Large,USD,"KONE Oyj B: 10.61, Nokia Oyj: 10.17, Sampo Oyj A: 10.15, UPM-Kymmene Oyj: 8.67, Neste Corp: 7.66, Fortum Oyj: 6.93, Stora Enso Oyj R: 5.60, Wartsila Corp: 5.30, Elisa Oyj A: 4.36, Nordea Bank Abp: 3.73",244490000.0,-0.09,13.69,13,2,1.2
1648,XMMO,Invesco S&P MidCap Momentum ETF,Invesco,2005-03-03,"The investment seeks to track the investment results (before fees and expenses) of the S&P MidCap 400 Momentum Index (the ""underlying index""). The fund generally will invest at least 90% of its total assets in the securities that comprise the underlying index. Strictly in accordance with its guidelines and mandated procedures, the index provider compiles, maintains and calculates the underlying index, which is composed of constituents of the S&P MidCap 400 Index that have the highest ""momentum score.""",Growth,Medium,USD,"Generac Holdings Inc: 4.18, SolarEdge Technologies Inc: 4.16, Monolithic Power Systems Inc: 3.29, Quidel Corp: 3.16, Boston Beer Co Inc Class A: 2.96, Enphase Energy Inc: 2.72, Masimo Corp: 2.42, Charles River Laboratories International Inc: 2.27, Cognex Corp: 2.24, Cable One Inc: 2.06",716470000.0,11.07,13.9,11,3,1.2
935,IWP,iShares Russell Mid-Cap Growth ETF,iShares,2001-07-17,"The investment seeks to track the investment results of the Russell Midcap Growth Index, which measures the performance of the mid-capitalization growth sector of the U.S. equity market. The fund generally invests at least 90% of its assets in securities of the underlying index and in depositary receipts representing securities of the underlying index. It may invest the remainder of its assets in certain futures, options and swap contracts, cash and cash equivalents, as well as in securities not included in the underlying index, but which the advisor believes will help the fund track the underlying index.",Growth,Medium,USD,"DocuSign Inc: 1.28, Lululemon Athletica Inc: 1.28, Veeva Systems Inc Class A: 1.28, IDEXX Laboratories Inc: 1.26, Align Technology Inc: 1.18, Chipotle Mexican Grill Inc Class A: 1.18, CoStar Group Inc: 1.14, O'Reilly Automotive Inc: 1.13, Twilio Inc A: 1.13, Splunk Inc: 1.11",13090000000.0,13.93,13.9,13,5,1.19
1169,PKB,Invesco Dynamic Building & Construction ETF,Invesco,2005-10-26,"The investment seeks to track the investment results (before fees and expenses) of the Dynamic Building & Construction IntellidexSM Index. The fund generally will invest at least 90% of its total assets in the securities that comprise the underlying intellidex. The underlying intellidex was composed of common stocks of U.S. building and construction companies. These companies are engaged primarily in providing construction and related engineering services for building and remodeling residential properties, commercial or industrial buildings, etc. It is non-diversified.",Blend,Medium,USD,"Martin Marietta Materials Inc: 6.20, Vulcan Materials Co: 5.69, Trane Technologies PLC: 5.46, Lowe's Companies Inc: 4.75, Lennar Corp: 4.65, D.R. Horton Inc: 4.62, PulteGroup Inc: 4.45, Tractor Supply Co: 4.33, Dycom Industries Inc: 3.30, Quanta Services Inc: 3.30",136970000.0,7.24,12.33,10,4,1.19
1231,PXSG,Invesco S&P SmallCap Momentum ETF,Invesco,2005-03-03,"The investment seeks to track the investment results (before fees and expenses) of the S&P SmallCap 600 Momentum Index (the ""underlying index""). The fund generally will invest at least 90% of its total assets in the securities that comprise the underlying index. Strictly in accordance with its guidelines and mandated procedures, the index provider compiles, maintains and calculates the underlying index, which is composed of constituents of the S&P SmallCap 600 that have the highest momentum score.",Growth,Small,USD,"LHC Group Inc: 2.90, Ensign Group Inc: 2.46, Axon Enterprise Inc: 2.39, FTI Consulting Inc: 2.14, Repligen Corp: 2.14, First BanCorp: 2.11, HMS Holdings Corp: 2.01, NeoGenomics Inc: 1.83, Agree Realty Corp: 1.80, Exponent Inc: 1.80",80600000.0,21.63,13.62,9,4,1.19
1308,RPG,Invesco S&P 500 Pure Growth ETF,Invesco,2006-03-01,"The investment seeks to track the investment results (before fees and expenses) of the S&P 500 Pure Growth Index (the ""underlying index""). The fund generally will invest at least 90% of its total assets in the securities that comprise the underlying index. The underlying index is composed of a subset of securities from the S&P 500 Index that exhibit strong growth characteristics. The fund is non-diversified.",Growth,Large,USD,"ServiceNow Inc: 2.62, Paycom Software Inc: 2.03, Facebook Inc A: 1.77, Lam Research Corp: 1.64, Teradyne Inc: 1.59, PayPal Holdings Inc: 1.55, Adobe Inc: 1.50, Align Technology Inc: 1.50, MSCI Inc: 1.45, NVIDIA Corp: 1.43",2390000000.0,10.39,13.87,11,2,1.19
271,CQQQ,Invesco China Technology ETF,Invesco,2009-12-08,"The investment seeks to track the investment results (before fees and expenses) of the FTSE China Incl A 25% Technology Capped Index. The fund generally will invest at least 90% of its total assets in the securities (including ADRs and GDRs) that comprise the underlying index. Strictly in accordance with its guidelines and mandated procedures, the index provider compiles, maintains, and calculates the underlying index. The underlying index may include China A-shares, B-shares, H-shares, N-shares, Red Chip shares, P-chip shares and S-chip shares. The fund is non-diversified.",Growth,Large,USD,"Tencent Holdings Ltd: 10.43, Meituan: 9.72, Baidu Inc ADR: 8.04, Semiconductor Manufacturing International Corp: 7.44, Sunny Optical Technology (Group) Co Ltd: 5.92, GDS Holdings Ltd ADR: 4.31, Kingdee International Software Group Co Ltd: 4.10, Autohome Inc ADR: 3.89, JOYY Inc ADR: 3.60, Tencent Music Entertainment Group ADR: 3.43",1040000000.0,41.54,11.33,7,3,1.16
980,JKK,iShares Morningstar Small-Cap Growth ETF,iShares,2004-06-28,"The investment seeks to track the investment results of the Morningstar US Small Growth IndexSM composed of small-capitalization U.S. equities that exhibit growth characteristics. The fund generally invests at least 90% of its assets in securities of the underlying index and in depositary receipts representing securities of the underlying index. The underlying index measures the performance of stocks issued by small-capitalization companies that have exhibited above-average ""growth"" characteristics as determined by Morningstar, Inc.'s (""Morningstar"" or the ""index provider"") proprietary index methodology.",Growth,Medium,USD,"Match Group Inc: 3.39, Datadog Inc Class A: 1.79, SolarEdge Technologies Inc: 1.44, Enphase Energy Inc: 1.38, MyoKardia Inc: 1.32, Carvana Co Class A: 1.15, Quidel Corp: 1.14, Five9 Inc: 1.11, Boston Beer Co Inc Class A: 1.06, Mirati Therapeutics Inc: 1.06",280410000.0,15.27,13.1,11,4,1.16
107,1646,Daiwa ETF TOPIX-17 Commercial & Whls,Daiwa Asset Management Co Ltd,2008-07-22,"The investment seeks to track the price and performance yield, before fees and expenses, of the TOPIX-17 Commercial & Wholesale Trade index. The index invests in the wholesale trade sector. It is a free-float adjusted market capitalization-weighted index and reflects market movements of the market capitalization to each base market value.",Value,Large,USD,"Mitsubishi Corp: 18.39, Mitsui & Co Ltd: 12.81, ITOCHU Corp: 12.69, Sumitomo Corp: 8.35, Marubeni Corp: 7.45, Toyota Tsusho Corp: 3.78, Alfresa Holdings Corp: 2.75, MISUMI Group Inc: 2.34, Suzuken Co Ltd: 2.17, Medipal Holdings Corp: 2.15",849000000.0,-3.14,12.87,8,1,1.15
357,DWAQ,Invesco DWA NASDAQ Momentum ETF,Invesco,2003-05-01,"The investment seeks to track the investment results (before fees and expenses) of the Dorsey Wright NASDAQ Technical Leaders Index. The fund generally will invest at least 90% of its total assets in the securities that comprise the underlying index. The underlying index is composed of approximately 100 securities from an eligible universe of approximately 1,000 of the largest capitalization companies whose securities are included within the NASDAQ US Benchmark Index, except U.S.-listed American depositary receipts (""ADRs"") or foreign securities that trade on The Nasdaq Stock Market.",Growth,Medium,USD,"Apple Inc: 3.36, Five9 Inc: 2.67, Axsome Therapeutics Inc: 2.51, NovoCure Ltd: 2.24, eHealth Inc: 2.22, Eldorado Resorts Inc: 2.19, Casella Waste Systems Inc Class A: 2.09, Enphase Energy Inc: 2.08, The Trade Desk Inc A: 1.98, Mirati Therapeutics Inc: 1.97",51080000.0,-0.38,12.97,13,3,1.15
1526,VBK,Vanguard Small-Cap Growth Index Fund ETF Shares,Vanguard,2004-01-26,"The investment seeks to track the performance of a benchmark index that measures the investment return of small-capitalization growth stocks. The fund employs an indexing investment approach designed to track the performance of the CRSP US Small Cap Growth Index, a broadly diversified index of growth stocks of small U.S. companies. The advisor attempts to replicate the target index by investing all, or substantially all, of its assets in the stocks that make up the index, holding each stock in approximately the same proportion as its weighting in the index.",Growth,Small,USD,"Horizon Therapeutics PLC: 0.91, Zebra Technologies Corp: 0.84, Insulet Corp: 0.81, Teradyne Inc: 0.81, Etsy Inc: 0.80, Catalent Inc: 0.79, Monolithic Power Systems Inc: 0.76, Pool Corp: 0.74, Zendesk Inc: 0.71, HubSpot Inc: 0.70",27600000000.0,9.48,12.92,11,4,1.15
1637,XLG,Invesco S&P 500 Top 50 ETF,Invesco,2005-05-04,"The investment seeks to track the investment results (before fees and expenses) of the S&P 500 Top 50 Index (the ""underlying index""). The fund generally will invest at least 90% of its total assets in the securities that comprise the underlying index. The index provider compiles, maintains and calculates the underlying index, which consists of the 50 largest members of the S&P 500 Index by float-adjusted market capitalization. The underlying index's components are weighted by float-adjusted market capitalization. The fund is non-diversified.",Blend,Large,USD,"Apple Inc: 11.76, Microsoft Corp: 10.29, Amazon.com Inc: 8.68, Facebook Inc A: 4.25, Alphabet Inc A: 3.26, Alphabet Inc Class C: 3.20, Berkshire Hathaway Inc Class B: 2.69, Johnson & Johnson: 2.42, Procter & Gamble Co: 2.29, NVIDIA Corp: 2.08",1560000000.0,9.58,13.75,12,2,1.15
96,1629,NEXT FUNDS TOPIX-17 Comm & Wholesale Trd,Nomura Asset Management Co Ltd,2008-03-21,"The investment seeks to track the price and performance yield, before fees and expenses, of the TOPIX-17 Commercial & Wholesale Trade index.The index invests in the wholesale trade sector. It is a free-float adjusted market capitalization-weighted index and reflects market movements of the market capitalization to each base market value.",Value,Large,USD,"Mitsubishi Corp: 17.62, Mitsui & Co Ltd: 12.01, ITOCHU Corp: 11.58, Sumitomo Corp: 8.46, Marubeni Corp: 6.86, Toyota Tsusho Corp: 3.59, Alfresa Holdings Corp: 2.77, MISUMI Group Inc: 2.63, Suzuken Co Ltd: 2.30, Medipal Holdings Corp: 2.29",851000000.0,-1.7,13.04,8,1,1.14
104,1641,Daiwa ETF TOPIX-17 Machinery,Daiwa Asset Management Co Ltd,2008-07-22,"The investment seeks to track the price and performance yield, before fees and expenses, of the TOPIX-17 Machinery index. The index invests in the machinery sector. It is a free-float adjusted market capitalization-weighted index and reflects market movements of the market capitalization to each base market value.",Blend,Large,USD,"Daikin Industries Ltd: 15.35, Komatsu Ltd: 11.51, SMC Corp: 8.90, Kubota Corp: 8.25, Mitsubishi Heavy Industries Ltd: 5.77, Makita Corp: 4.08, IHI Corp: 2.73, Daifuku Co Ltd: 2.32, Hoshizaki Corp: 2.24, NSK Ltd: 1.98",675000000.0,-13.83,12.31,7,2,1.14
1148,PDP,Invesco DWA Momentum ETF,Invesco,2007-03-01,"The investment seeks to track the investment results (before fees and expenses) of the Dorsey Wright Technical Leaders Index. The fund generally will invest at least 90% of its total assets in securities that comprise the underlying index. The underlying index is composed of approximately 100 securities from an eligible universe of approximately 1,000 securities of the largest constituents by market capitalization within the NASDAQ US Benchmark Index.",Growth,Large,USD,"Mirati Therapeutics Inc: 3.74, Apple Inc: 3.00, O'Reilly Automotive Inc: 2.56, Rollins Inc: 2.54, Five9 Inc: 2.46, West Pharmaceutical Services Inc: 2.44, Enphase Energy Inc: 2.37, Ansys Inc: 2.33, Mastercard Inc A: 2.24, Ball Corp: 2.20",1700000000.0,17.41,13.49,10,2,1.14
1229,PXMV,Invesco S&P MidCap Value with Momentum ETF,Invesco,2005-03-03,"The investment seeks to track the investment results (before fees and expenses) of the S&P MidCap 400 High Momentum Value Index (the ""underlying index""). The fund generally will invest at least 90% of its total assets in the securities that comprise the underlying index. Strictly in accordance with its guidelines and mandated procedures, the index provider compiles, maintains and calculates the underlying index, which is designed to track the performance of approximately 80 stocks in the S&P MidCap 400 that have the highest value and momentum scores.",Value,Small,USD,"Genworth Financial Inc: 3.49, PBF Energy Inc Class A: 2.74, Chesapeake Energy Corp: 2.53, Arrow Electronics Inc: 2.31, Tech Data Corp: 2.22, AutoNation Inc: 2.16, World Fuel Services Corp: 2.15, Southwestern Energy Co: 2.12, Dillard's Inc Class A: 2.10, Synnex Corp: 2.04",51000000.0,19.27,13.29,9,4,1.14
1232,PXSV,Invesco S&P SmallCap Value with Momentum ETF,Invesco,2005-03-03,"The investment seeks to track the investment results (before fees and expenses) of the S&P SmallCap 600 High Momentum Value Index (the ""underlying index""). The fund generally will invest at least 90% of its total assets in the securities that comprise the underlying index. Strictly in accordance with its guidelines and mandated procedures, the index provider compiles, maintains and calculates the underlying index, which is designed to track the performance of approximately 120 stocks in the S&P SmallCap 600 that have the highest value and momentum scores.",Value,Small,USD,"Vitamin Shoppe Inc: 1.99, Office Depot Inc: 1.85, SpartanNash Co: 1.83, INTL FCStone Inc: 1.79, Veritiv Corp: 1.74, Sonic Automotive Inc Class A: 1.70, Era Group Inc: 1.51, Barnes & Noble Inc: 1.49, Group 1 Automotive Inc: 1.32, Denbury Resources Inc: 1.29",76270000.0,10.31,12.66,8,5,1.14
1256,QQXT,First Trust NASDAQ-100 Ex-Technology Sector Index Fund,First Trust,2007-02-08,"The investment seeks investment results that correspond generally to the price and yield (before the fund's fees and expenses) of an equity index called the NASDAQ-100 Ex-Tech Sector IndexSM. The fund will normally invest at least 90% of its net assets (including investment borrowings) in the common stocks and depositary receipts that comprise the index. The index is an equal-weighted index composed of the securities comprising the NASDAQ-100 Index that are not classified as ""technology"" according to the Industry Classification Benchmark (""ICB"") classification system.",Growth,Large,USD,"Align Technology Inc: 2.23, MercadoLibre Inc: 2.13, IDEXX Laboratories Inc: 2.05, Pinduoduo Inc ADR: 1.93, Automatic Data Processing Inc: 1.92, Exelon Corp: 1.88, Sirius XM Holdings Inc: 1.85, JD.com Inc ADR: 1.83, Lululemon Athletica Inc: 1.83, Zoom Video Communications Inc: 1.83",116490000.0,14.58,13.36,8,4,1.14
91,1624,NEXT FUNDS TOPIX-17 Machinery,Nomura Asset Management Co Ltd,2008-03-21,"The investment seeks to track the price and performance yield, before fees and expenses, of the TOPIX-17 Machinery index.The index invests in the machinery sector. It is a free-float adjusted market capitalization-weighted index and reflects market movements of the market capitalization to each base market value.",Growth,Large,USD,"Daikin Industries Ltd: 14.25, Komatsu Ltd: 11.36, SMC Corp: 9.32, Kubota Corp: 8.59, Mitsubishi Heavy Industries Ltd: 5.99, Makita Corp: 4.49, Daifuku Co Ltd: 2.64, IHI Corp: 2.20, Hoshizaki Corp: 2.13, Disco Corp: 1.84",4660000000.0,-14.86,11.93,7,2,1.13
863,IKRA,iShares MSCI Korea ETF USD Dist,BlackRock Asset Management Ireland - ETF,2005-11-18,"The fund is an exchange traded fund (ETF) that aims to track the performance of the MSCI Korea Index as closely as possible. nThe ETF invests in physical index securities. The MSCI Korea Index offers exposure to Korean stocks which comply with MSCI's size, liquidity, and free float criteria. The index is free float market capitalisation weighted. iShares ETFs are funds managed by BlackRock. They are transparent, cost-efficient, liquid vehicles that trade on stock exchanges like normal securities. iShares ETFs offer flexible and easy access to a wide range of markets and asset classes.",Value,Large,USD,"Samsung Electronics Co Ltd: 26.26, SK Hynix Inc: 5.28, Samsung Electronics Co Ltd Participating Preferred: 3.78, Celltrion Inc: 2.54, POSCO: 2.53, KB Financial Group Inc: 2.44, NAVER Corp: 2.31, Shinhan Financial Group Co Ltd: 2.29, LG Chem Ltd: 2.06, Hyundai Motor Co: 1.94",519660000.0,-19.97,11.51,8,4,1.13
883,IPRP,iShares European Prpty Yld ETF EUR Dist,BlackRock Asset Management Ireland - ETF,2005-11-04,"The fund is an exchange traded fund (ETF) that aims to track the performance of the FTSE EPRAu002FNAREIT Developed Europe ex UK Dividend+ Index as closely as possible. nThe ETF invests in physical index securities. The FTSE EPRAu002FNAREIT Developed Europe ex UK Dividend+ Index offers exposure to listed real estate companies and Real Estate Investment Trusts (REITS) from developed European countries excluding the UK, which have a one-year forecast dividend yield of 2% or greater. The index is free float market capitalisation weighted. iShares ETFs are funds managed by BlackRock. They are transparent, cost-efficient, liquid vehicles that trade on stock exchanges like normal securities. iShares ETFs offer flexible and easy access to a wide range of markets and asset classes.",Blend,Medium,USD,"Vonovia SE: 14.13, Unibail-Rodamco-Westfield: 13.00, Deutsche Wohnen SE: 9.59, Gecina Nom: 4.12, LEG Immobilien AG: 4.11, Klpierre: 3.70, Swiss Prime Site AG: 3.49, Aroundtown SA: 3.08, Castellum AB: 2.66, Merlin Properties SOCIMI SA: 2.38",1310000000.0,-1.51,13.11,9,3,1.13
931,IWL,iShares Russell Top 200 ETF,iShares,2009-09-22,"The investment seeks to track the investment results of the Russell Top 200 Index, which measures the performance of the largest capitalization sector of the U.S. equity market. The fund generally will invest at least 90% of its assets in the component securities of the underlying index and may invest up to 10% of its assets in certain futures, options and swap contracts, cash and cash equivalents, including shares of money market funds advised by the advisor or its affiliates, as well as in securities not included in the underlying index, but which the advisor believes will help the fund track the underlying index.",Blend,Large,USD,"Apple Inc: 7.71, Microsoft Corp: 6.65, Amazon.com Inc: 5.65, Facebook Inc A: 2.77, Alphabet Inc A: 2.13, Alphabet Inc Class C: 2.11, Berkshire Hathaway Inc Class B: 1.70, Johnson & Johnson: 1.59, Procter & Gamble Co: 1.47, Visa Inc Class A: 1.35",832020000.0,5.86,13.49,9,1,1.13
1175,PPA,Invesco Aerospace & Defense ETF,Invesco,2005-10-26,"The investment seeks to track the investment results (before fees and expenses) of the SPADE Defense Index. The fund generally will invest at least 90% of its total assets in the securities that comprise the underlying index. The underlying index is composed of common stocks of companies that are engaged principally in the development, manufacture, operation and support of U.S. defense, military, homeland security and space operations. The fund is non-diversified.",Blend,Medium,USD,"Honeywell International Inc: 7.73, Boeing Co: 7.57, Lockheed Martin Corp: 6.94, Northrop Grumman Corp: 6.25, Raytheon Technologies Corp: 5.85, General Dynamics Corp: 4.84, L3Harris Technologies Inc: 4.53, Ball Corp: 4.51, TransDigm Group Inc: 4.02, Heico Corp: 3.83",601100000.0,-20.32,12.99,11,3,1.13
1447,STXFIN,Satrix Fini ETF,Satrix Managers (Pty) Limited,2002-02-15,"The investment seeks to track the price and yield performance, before fees and expenses, of the FTSEu002FJSE Financial 15 Index. The index consists of the 15 largest financial companies listed on the Johannesburg Stock Exchange.",Blend,Medium,USD,"Standard Bank Group Ltd.: 15.90, Firstrand Limited: 15.36, Old Mutual Ltd: 10.41, Sanlam Limited: 9.79, Absa Group Ltd: 7.65, Growthpoint Properties Ltd.: 4.78, Investec PLC: 4.64, Discovery Holdings Ltd: 4.09, Nedbank Group, Ltd.: 4.08, Capitec Bank Holdings Limited: 3.87",772260000.0,-5.37,14.34,14,1,1.13
1578,VOT,Vanguard Mid-Cap Growth Index Fund ETF Shares,Vanguard,2006-08-17,"The investment seeks to track the performance of the CRSP US Mid Cap Growth Index that measures the investment return of mid-capitalization growth stocks. The fund employs an indexing investment approach designed to track the performance of the CRSP US Mid Cap Growth Index, a broadly diversified index of growth stocks of mid-size U.S. companies. The advisor attempts to replicate the target index by investing all, or substantially all, of its assets in the stocks that make up the index, holding each stock in approximately the same proportion as its weighting in the index.",Growth,Medium,USD,"Snap Inc Class A: 1.58, Digital Realty Trust Inc: 1.51, Twilio Inc A: 1.50, Lululemon Athletica Inc: 1.48, Veeva Systems Inc Class A: 1.42, IDEXX Laboratories Inc: 1.41, DocuSign Inc: 1.39, Centene Corp: 1.34, Amphenol Corp Class A: 1.31, Chipotle Mexican Grill Inc Class A: 1.31",17400000000.0,13.19,13.05,9,4,1.13
34,1393,UBS ETF MSCI USA USD A dis,UBS Fund Management (Luxembourg) S.A.,2001-10-29,"The sub-fund aims to track, before expenses, the price and income performance of the MSCI USA Index (Net Return) (this sub-fund's ""index""). The index is rebalanced on a quarterly basis and may also be rebalanced at other times in order to comply with applicable investment restrictions or to reflect corporate activity such as mergers and acquisitions.",Blend,Large,USD,"Apple Inc: 3.56, Microsoft Corp: 3.32, Amazon.com Inc: 2.88, Johnson & Johnson: 1.62, JPMorgan Chase & Co: 1.54, Alphabet Inc Class C: 1.42, Facebook Inc A: 1.39, Exxon Mobil Corp: 1.38, Alphabet Inc A: 1.36, Berkshire Hathaway Inc B: 1.16",570670000.0,2.78,13.47,14,2,1.12
70,1587,iShares S&P 100 ETF,iShares,2000-10-23,"The investment seeks to track the investment results of the S&P 100, which measures the performance of the large-capitalization sector of the U.S. equity market. The fund generally invests at least 90% of its assets in securities of the underlying index and in depositary receipts representing securities of the underlying index. It may invest the remainder of its assets in certain futures, options and swap contracts, cash and cash equivalents, including shares of money market funds advised by BFA or its affiliates, as well as in securities not included in the underlying index, but which the advisor believes will help the fund track the underlying index.",Blend,Large,USD,"Microsoft Corp: 5.69, Apple Inc: 5.49, Amazon.com Inc: 4.64, Berkshire Hathaway Inc B: 2.85, Johnson & Johnson: 2.64, JPMorgan Chase & Co: 2.50, Facebook Inc A: 2.27, Alphabet Inc Class C: 2.26, Exxon Mobil Corp: 2.25, Alphabet Inc A: 2.22",4770000000.0,5.15,13.34,14,3,1.12
553,FIW,First Trust Water ETF,First Trust,2007-05-08,"The investment seeks investment results that correspond generally to the price and yield (before the fund's fees and expenses) of an equity index called the ISE Clean Edge Water Index. The fund will normally invest at least 90% of its net assets (including investment borrowings) in the common stocks and depositary receipts that comprise the index. The index is designed to track the performance of small, mid and large capitalization companies that derive a substantial portion of their revenues from the potable water and wastewater industry, according to Clean Edge.",Growth,Medium,USD,"IDEXX Laboratories Inc: 4.33, Danaher Corp: 4.27, Algonquin Power & Utilities Corp: 4.26, Xylem Inc: 4.15, American Water Works Co Inc: 4.13, Agilent Technologies Inc: 3.90, Essential Utilities Inc: 3.78, AECOM: 3.72, Pentair PLC: 3.70, Tetra Tech Inc: 3.70",550990000.0,4.36,12.87,8,4,1.12
973,JKD,iShares Morningstar Large-Cap ETF,iShares,2004-06-28,"The investment seeks to track the investment results of the Morningstar Large Core IndexSM composed of large-capitalization U.S. equities. The fund generally invests at least 90% of its assets in securities of the underlying index and in depositary receipts representing securities of the underlying index. The underlying index measures the performance of stocks issued by large-capitalization companies that have exhibited similar ""growth"" and ""value"" characteristics as determined by Morningstar, Inc.'s (""Morningstar"" or the ""index provider"") proprietary index methodology.",Blend,Large,USD,"Apple Inc: 15.88, Berkshire Hathaway Inc Class B: 3.85, UnitedHealth Group Inc: 2.89, The Home Depot Inc: 2.85, The Walt Disney Co: 2.23, Thermo Fisher Scientific Inc: 2.00, Abbott Laboratories: 1.97, Merck & Co Inc: 1.97, Coca-Cola Co: 1.94, PepsiCo Inc: 1.94",760150000.0,3.08,13.31,12,3,1.12
1059,MGC,Vanguard Mega Cap Index Fund ETF Shares,Vanguard,2007-12-17,"The investment seeks to track the performance of a benchmark index that measures the investment return of large-capitalization stocks in the United States. The fund employs an indexing investment approach designed to track the performance of the CRSP US Mega Cap Index. The index is a float-adjusted, market-capitalization-weighted index designed to measure equity market performance of mega-capitalization stocks in the United States. The Advisor attempts to replicate the target index by investing all, or substantially all, of its assets in the stocks that make up the index, holding each stock in approximately the same proportion as its weighting in the index.",Blend,Large,USD,"Apple Inc: 7.18, Microsoft Corp: 6.57, Amazon.com Inc: 5.54, Facebook Inc A: 2.71, Alphabet Inc A: 2.07, Alphabet Inc Class C: 1.98, Berkshire Hathaway Inc Class B: 1.61, Johnson & Johnson: 1.55, Procter & Gamble Co: 1.46, Visa Inc Class A: 1.31",3010000000.0,5.35,13.39,10,2,1.12
1112,OEF,iShares S&P 100 ETF,iShares,2000-10-23,"The investment seeks to track the investment results of the S&P 100, which measures the performance of the large-capitalization sector of the U.S. equity market. The fund generally invests at least 90% of its assets in securities of the underlying index and in depositary receipts representing securities of the underlying index. It may invest the remainder of its assets in certain futures, options and swap contracts, cash and cash equivalents, including shares of money market funds advised by BFA or its affiliates, as well as in securities not included in the underlying index, but which the advisor believes will help the fund track the underlying index.",Blend,Large,USD,"Apple Inc: 9.71, Microsoft Corp: 8.50, Amazon.com Inc: 7.17, Facebook Inc A: 3.51, Alphabet Inc A: 2.69, Alphabet Inc Class C: 2.64, Berkshire Hathaway Inc Class B: 2.22, Johnson & Johnson: 2.00, Procter & Gamble Co: 1.89, NVIDIA Corp: 1.72",6670000000.0,6.05,13.21,15,4,1.11
1137,PBE,Invesco Dynamic Biotechnology & Genome ETF,Invesco,2005-06-23,"The investment seeks to track the investment results (before fees and expenses) of the Dynamic Biotech & Genome IntellidexSM Index. The fund generally will invest at least 90% of its total assets in the securities that comprise the underlying intellidex. The underlying intellidex was composed of common stocks of U.S. biotechnology and genome companies. These companies are engaged principally in the research, development, manufacture and marketing and distribution of various biotechnological products, services and processes, etc. It is non-diversified.",Growth,Medium,USD,"Pacific Biosciences of California Inc: 5.77, Qiagen NV: 4.74, Regeneron Pharmaceuticals Inc: 4.52, Illumina Inc: 4.49, Gilead Sciences Inc: 4.47, Biogen Inc: 4.40, Neurocrine Biosciences Inc: 4.34, Amgen Inc: 4.31, CareDx Inc: 4.09, Vertex Pharmaceuticals Inc: 3.78",218230000.0,1.31,11.26,11,3,1.11
1413,SPHQ,Invesco S&P 500 Quality ETF,Invesco,2005-12-06,"The investment seeks to track the investment results (before fees and expenses) of the S&P 500 Quality Index. The fund generally will invest at least 90% of its total assets in the securities that comprise the underlying index. In selecting constituent securities for the underlying index, the index provider calculates the quality score of each security in the S&P 500 Index, then selects the 100 stocks with the highest quality score for inclusion in the underlying index.",Blend,Large,USD,"Apple Inc: 6.32, NVIDIA Corp: 5.91, Procter & Gamble Co: 5.30, Microsoft Corp: 5.02, Johnson & Johnson: 4.49, Visa Inc Class A: 4.46, Adobe Inc: 3.19, Merck & Co Inc: 3.06, Nike Inc B: 2.91, Abbott Laboratories: 2.85",2180000000.0,3.02,13.35,12,2,1.11
1597,VV,Vanguard Large-Cap Index Fund ETF Shares,Vanguard,2004-01-27,"The investment seeks to track the performance of the CRSP US Large Cap Index that measures the investment return of large-capitalization stocks. The fund employs an indexing investment approach designed to track the performance of the CRSP US Large Cap Index, a broadly diversified index of large U.S. companies representing approximately the top 85% of the U.S. market capitalization. The advisor attempts to replicate the target index by investing all, or substantially all, of its assets in the stocks that make up the index, holding each stock in approximately the same proportion as its weighting in the index.",Blend,Large,USD,"Apple Inc: 5.94, Microsoft Corp: 5.43, Amazon.com Inc: 4.58, Facebook Inc A: 2.24, Alphabet Inc A: 1.70, Alphabet Inc Class C: 1.66, Berkshire Hathaway Inc Class B: 1.37, Johnson & Johnson: 1.28, Procter & Gamble Co: 1.21, Visa Inc Class A: 1.09",28140000000.0,4.6,13.11,13,2,1.11
16,1343,NEXT FUNDS REIT Index ETF,Nomura Asset Management Co Ltd,2008-09-17,"The investment seeks to track the price and yield performance, before fees and expense, of the TSE REIT index. The index is a capitalization-weighted index based on all REITs listed on the TSE and will be calculated with the same methodology as the TOPIX.",Growth,Medium,USD,"Nippon Building Fund Inc: 7.55, Japan Real Estate Investment Corp: 6.91, Nomura Real Estate Master Fund Inc: 4.95, Japan Retail Fund Investment Corp: 4.53, United Urban Investment Corp: 4.39, Orix Jreit Inc: 4.06, Daiwa House REIT Investment Corp: 3.55, Nippon Prologis REIT Inc: 3.48, Advance Residence Investment Corp: 3.37, GLP J-REIT: 3.12",315390000000.0,13.12,12.48,6,3,1.1
18,1345,Listed Index Fund J-REIT (TSE REIT Idx),Nikko Asset Management Co Ltd,2008-10-20,"The investment seeks to track the price and performance yield, before fees and expenses, of the Tokyo Stock Exchange REIT index. The index is a capitalization weighted index that is comprised of all REITs listed on the Tokyo Stock Exchange. It is calculated using the TOPIX methodology.",Growth,Medium,USD,"Nippon Building Fund Inc: 7.59, Japan Real Estate Investment Corp: 6.92, Nomura Real Estate Master Fund Inc: 4.93, Japan Retail Fund Investment Corp: 4.73, United Urban Investment Corp: 4.43, Orix Jreit Inc: 4.07, Daiwa House REIT Investment Corp: 3.55, Nippon Prologis REIT Inc: 3.53, Advance Residence Investment Corp: 3.42, GLP J-REIT: 3.15",231380000000.0,13.42,12.43,6,3,1.1
54,1557,SPDR S&P 500 ETF Trust,SPDR State Street Global Advisors,1993-01-22,"The investment seeks to provide investment results that, before expenses, correspond generally to the price and yield performance of the S&P 500 Index. The Trust seeks to achieve its investment objective by holding a portfolio of the common stocks that are included in the index (the Portfolio), with the weight of each stock in the Portfolio substantially corresponding to the weight of such stock in the index.",Blend,Large,USD,"Microsoft Corp: 5.52, Apple Inc: 5.24, Amazon.com Inc: 4.01, Facebook Inc A: 2.14, Alphabet Inc A: 1.69, Alphabet Inc Class C: 1.69, Johnson & Johnson: 1.54, Berkshire Hathaway Inc Class B: 1.43, Visa Inc Class A: 1.32, JPMorgan Chase & Co: 1.20",270630000000.0,-4.87,13.04,21,5,1.1
438,EQWM,Invesco S&P MidCap Quality ETF,Invesco,2006-12-01,"The investment seeks to track the investment results (before fees and expenses) of the S&P MidCap 400 Quality Index (the ""underlying index""). The fund generally will invest at least 90% of its total assets in the component securities that comprise the underlying index. Strictly in accordance with its guidelines and mandated procedures, the index provider first calculates the quality score of each security in the S&P MidCap 400.",Growth,Medium,USD,"FactSet Research Systems Inc: 3.34, IDEX Corp: 3.01, NVR Inc: 3.00, MarketAxess Holdings Inc: 2.99, Molina Healthcare Inc: 2.81, Teradyne Inc: 2.79, Zebra Technologies Corp: 2.46, Reinsurance Group of America Inc: 2.42, Graco Inc: 2.30, Old Dominion Freight Lines Inc: 2.11",24960000.0,16.93,12.86,8,4,1.1
870,INAA,iShares MSCI North America ETF USD Dist,BlackRock Asset Management Ireland - ETF,2006-06-02,"The fund is an exchange traded fund (ETF) that aims to track the performance of the MSCI North America Index as closely as possible. nThe ETF invests in physical index securities. The MSCI North America Index offers exposure to stocks from developed North American countries (Canada and United States) which comply with MSCI's size, liquidity, and free float criteria. The index is free float market capitalisation weighted. iShares ETFs are funds managed by BlackRock. They are transparent, cost-efficient, liquid vehicles that trade on stock exchanges like normal securities. iShares ETFs offer flexible and easy access to a wide range of markets and asset classes.",Blend,Large,USD,"Apple Inc: 3.35, Microsoft Corp: 3.14, Amazon.com Inc: 2.72, Johnson & Johnson: 1.53, JPMorgan Chase & Co: 1.45, Alphabet Inc Class C: 1.34, Facebook Inc A: 1.32, Exxon Mobil Corp: 1.31, Alphabet Inc A: 1.29, Berkshire Hathaway Inc B: 1.10",2080000000.0,2.03,13.13,8,3,1.1
1090,NFO,Invesco Insider Sentiment ETF,Invesco,2006-09-21,"The investment seeks to track the investment results (before fees and expenses) of the Nasdaq US Insider Sentiment Index. The fund will invest at least 90% of its total assets in the securities that comprise the underlying index and depositary receipts representing common stocks included in the underlying index (or underlying securities representing depositary receipts included in the underlying index). The companies eligible for the underlying index are derived from its starting universe, the Nasdaq US Large Mid Cap Index, which is designed to track the performance of mid- to large-capitalization U.S. companies. The fund is non-diversified.",Blend,Medium,USD,"Fair Isaac Corp: 1.25, TransDigm Group Inc: 1.24, Lam Research Corp: 1.22, AECOM: 1.21, Liberty Broadband Corp A: 1.19, Ansys Inc: 1.17, Helen Of Troy Ltd: 1.13, Newmont Corp: 1.12, Leidos Holdings Inc: 1.11, The Western Union Co: 1.10",81130000.0,2.14,12.72,9,4,1.1
1168,PJP,Invesco Dynamic Pharmaceuticals ETF,Invesco,2005-06-23,"The investment seeks to track the investment results (before fees and expenses) of the Dynamic Pharmaceutical IntellidexSM Index. The fund generally will invest at least 90% of its total assets in the securities that comprise the underlying index. The underlying index is composed of common stocks of U.S. pharmaceutical companies. These companies are engaged principally in the research, development, manufacture, sale or distribution of pharmaceuticals and drugs of all types. The fund is non-diversified.",Value,Medium,USD,"Abbott Laboratories: 5.01, Endo International PLC: 4.98, Pfizer Inc: 4.95, Johnson & Johnson: 4.76, Gilead Sciences Inc: 4.74, Eli Lilly and Co: 4.72, Merck & Co Inc: 4.69, Amgen Inc: 4.57, AbbVie Inc: 4.54, Corcept Therapeutics Inc: 4.05",310740000.0,-3.73,12.37,11,3,1.1
