,fund_symbol,fund_extended_name,fund_family,inception_date,rating,return_rating,risk_rating,investment_strategy,investment_type,size_type,currency,years_up,years_down,net_asset_value,top10_holdings,fund_return_ytd,fund_return_10years,fund_mean_annual_return_10years
4838,DXQLX,Direxion Monthly NASDAQ-100 Bull 2X Fund Investor Class,Direxion Funds,2006-04-30,3.0,4.0,5.0,"The investment seeks monthly investment results, before fees and expenses, of 200% of the calendar month performance of the NASDAQ-100 Index. The fund, under normal circumstances, invests at least 80% of its net assets (plus borrowing for investment purposes) in securities of the index, exchange-traded funds (""ETFs"") that track the index and other financial instruments that provide monthly exposure to the index or ETFs that track the index. The index includes 100 of the largest domestic and international non-financial companies listed on the NASDAQ Stock Market based on market capitalization. The fund is non-diversified.",Growth,Large,USD,11.0,2.0,297510000.0,"197052NDXML12032020: 74.23, 197052NDXCS12102020: 36.58, Fidelity Inv MM Fds Government Instl: 14.51, 197052ndxubs12102020: 13.67, Invesco QQQ Trust: 6.90",49.89,34.73,2.9
20549,RYVLX,Rydex NASDAQ-100 2x Strategy Fund Class A,Rydex Funds,2004-08-31,3.0,5.0,5.0,"The investment seeks to provide investment results that match, before fees and expenses, 200% of the performance of the NASDAQ-100 Index on a daily basis. The fund employs as its investment strategy a program of investing in the common stock of companies that are generally within the capitalization range of the underlying index and derivative instruments. It will invest at least 80% of its net assets, plus any borrowings for investment purposes, in financial instruments with economic characteristics that should perform similarly to the securities of companies in the underlying index. The fund is non-diversified.",Growth,Large,USD,11.0,4.0,556110000.0,"Apple Inc: 10.04, Microsoft Corp: 9.80, Amazon.com Inc: 8.74, United States Treasury Bills 0.14%: 3.80, Facebook Inc A: 3.47, Alphabet Inc A: 3.10, Alphabet Inc Class C: 3.02, United States Treasury Bills 0.15%: 2.68, Intel Corp: 2.05, NVIDIA Corp: 1.89",39.52,32.79,2.8
20554,RYVYX,Rydex NASDAQ-100 2x Strategy Fund Class H,Rydex Funds,2000-05-23,2.0,5.0,5.0,"The investment seeks to provide investment results that match, before fees and expenses, 200% of the performance of the NASDAQ-100 Index on a daily basis. The fund employs as its investment strategy a program of investing in the common stock of companies that are generally within the capitalization range of the underlying index and derivative instruments. It will invest at least 80% of its net assets, plus any borrowings for investment purposes, in financial instruments with economic characteristics that should perform similarly to the securities of companies in the underlying index. The fund is non-diversified.",Growth,Large,USD,13.0,6.0,556110000.0,"Apple Inc: 10.04, Microsoft Corp: 9.80, Amazon.com Inc: 8.74, United States Treasury Bills 0.14%: 3.80, Facebook Inc A: 3.47, Alphabet Inc A: 3.10, Alphabet Inc Class C: 3.02, United States Treasury Bills 0.15%: 2.68, Intel Corp: 2.05, NVIDIA Corp: 1.89",39.52,32.78,2.8
23351,UOPIX,ProFunds UltraNASDAQ-100 Fund Investor Class,ProFunds,1997-11-30,2.0,5.0,5.0,"The investment seeks daily investment results, before fees and expenses, that correspond to two times (2x) the daily performance of the Nasdaq-100 Index. The fund invests in financial instruments that ProFund Advisors believes, in combination, should produce daily returns consistent with the fund's investment objective. The index includes 100 of the largest domestic and international non-financial companies listed on The Nasdaq Stock Market based on market capitalization. The fund is non-diversified.",Growth,Large,USD,15.0,7.0,624630000.0,"Soc 0.035% , 8/3/2020: 15.12, E-mini Nasdaq 100 Future Sept 20: 12.42, Apple Inc: 6.96, Royal Bank of Canada 0.02%: 6.05, Amazon.com Inc: 5.96, Microsoft Corp: 5.87, Cra 0.025% , 8/3/2020: 5.44, Cib 0.01% , 8/3/2020: 2.42, Hsb 0.015% , 8/3/2020: 2.42, Facebook Inc A: 2.30",38.38,32.61,2.79
20381,RYCCX,Rydex NASDAQ-100 2x Strategy Fund Class C,Rydex Funds,2000-11-19,2.0,5.0,5.0,"The investment seeks to provide investment results that match, before fees and expenses, 200% of the performance of the NASDAQ-100 Index on a daily basis. The fund employs as its investment strategy a program of investing in the common stock of companies that are generally within the capitalization range of the underlying index and derivative instruments. It will invest at least 80% of its net assets, plus any borrowings for investment purposes, in financial instruments with economic characteristics that should perform similarly to the securities of companies in the underlying index. The fund is non-diversified.",Growth,Large,USD,13.0,6.0,556110000.0,"Apple Inc: 10.04, Microsoft Corp: 9.80, Amazon.com Inc: 8.74, United States Treasury Bills 0.14%: 3.80, Facebook Inc A: 3.47, Alphabet Inc A: 3.10, Alphabet Inc Class C: 3.02, United States Treasury Bills 0.15%: 2.68, Intel Corp: 2.05, NVIDIA Corp: 1.89",38.65,31.78,2.74
23352,UOPSX,ProFunds UltraNASDAQ-100 Fund Service Class,ProFunds,1997-11-30,2.0,5.0,5.0,"The investment seeks daily investment results, before fees and expenses, that correspond to two times (2x) the daily performance of the Nasdaq-100 Index. The fund invests in financial instruments that ProFund Advisors believes, in combination, should produce daily returns consistent with the fund's investment objective. The index includes 100 of the largest domestic and international non-financial companies listed on The Nasdaq Stock Market based on market capitalization. The fund is non-diversified.",Growth,Large,USD,15.0,7.0,624630000.0,"Soc 0.035% , 8/3/2020: 15.12, E-mini Nasdaq 100 Future Sept 20: 12.42, Apple Inc: 6.96, Royal Bank of Canada 0.02%: 6.05, Amazon.com Inc: 5.96, Microsoft Corp: 5.87, Cra 0.025% , 8/3/2020: 5.44, Cib 0.01% , 8/3/2020: 2.42, Hsb 0.015% , 8/3/2020: 2.42, Facebook Inc A: 2.30",37.24,31.3,2.7
10532,INPIX,ProFunds Internet UltraSector Fund Investor Class,ProFunds,2000-06-18,3.0,5.0,5.0,"The investment seeks daily investment results, before fees and expenses, that correspond to one and one-half times (1.5x) the daily performance of the Dow Jones Internet CompositeSM Index. The fund invests in financial instruments that the adviser believes, in combination, should produce daily returns consistent with its investment objective. The index measures the performance of companies domiciled in the U.S. and traded on the New York Stock Exchange (""NYSE""), NYSE MKT that generate the majority of their revenues from the internet. The fund is non-diversified.",Growth,Large,USD,14.0,5.0,184220000.0,"Soc 0.035% , 8/3/2020: 11.65, Amazon.com Inc: 7.60, Facebook Inc A: 5.14, Royal Bank of Canada 0.02%: 4.66, Cra 0.025% , 8/3/2020: 4.19, PayPal Holdings Inc: 3.97, Netflix Inc: 3.68, Cisco Systems Inc: 3.32, Salesforce.com Inc: 3.26, Alphabet Inc A: 2.94",47.45,25.62,2.23
21333,SMPIX,ProFunds Semiconductor UltraSector Fund Investor Class,ProFunds,2000-06-18,1.0,1.0,5.0,"The investment seeks daily investment results, before fees and expenses, that correspond to one and one-half times (1.5x) the daily performance of the Dow Jones U.S. SemiconductorsSM Index. The fund invests in financial instruments that the adviser believes, in combination, should produce daily returns consistent with the fund's investment objective. The index seeks to measure the performance of certain companies in the semiconductor sub-sector of the U.S. equity market. The fund is non-diversified.",Blend,Large,USD,10.0,9.0,73540000.0,"NVIDIA Corp: 14.74, Intel Corp: 11.41, Soc 0.035% , 8/3/2020: 9.76, Broadcom Inc: 7.15, Qualcomm Inc: 6.71, Texas Instruments Inc: 6.61, Advanced Micro Devices Inc: 4.83, Royal Bank of Canada 0.02%: 3.90, Cra 0.025% , 8/3/2020: 3.51, Applied Materials Inc: 3.33",22.1,24.17,2.19
10533,INPSX,ProFunds Internet UltraSector Fund Service Class,ProFunds,2000-06-18,3.0,5.0,5.0,"The investment seeks daily investment results, before fees and expenses, that correspond to one and one-half times (1.5x) the daily performance of the Dow Jones Internet CompositeSM Index. The fund invests in financial instruments that the adviser believes, in combination, should produce daily returns consistent with its investment objective. The index measures the performance of companies domiciled in the U.S. and traded on the New York Stock Exchange (""NYSE""), NYSE MKT that generate the majority of their revenues from the internet. The fund is non-diversified.",Growth,Large,USD,13.0,6.0,184220000.0,"Soc 0.035% , 8/3/2020: 11.65, Amazon.com Inc: 7.60, Facebook Inc A: 5.14, Royal Bank of Canada 0.02%: 4.66, Cra 0.025% , 8/3/2020: 4.19, PayPal Holdings Inc: 3.97, Netflix Inc: 3.68, Cisco Systems Inc: 3.32, Salesforce.com Inc: 3.26, Alphabet Inc A: 2.94",46.26,24.37,2.14
21334,SMPSX,ProFunds Semiconductor UltraSector Fund Service Class,ProFunds,2000-06-18,1.0,1.0,5.0,"The investment seeks daily investment results, before fees and expenses, that correspond to one and one-half times (1.5x) the daily performance of the Dow Jones U.S. SemiconductorsSM Index. The fund invests in financial instruments that the adviser believes, in combination, should produce daily returns consistent with the fund's investment objective. The index seeks to measure the performance of certain companies in the semiconductor sub-sector of the U.S. equity market. The fund is non-diversified.",Blend,Large,USD,10.0,9.0,73540000.0,"NVIDIA Corp: 14.74, Intel Corp: 11.41, Soc 0.035% , 8/3/2020: 9.76, Broadcom Inc: 7.15, Qualcomm Inc: 6.71, Texas Instruments Inc: 6.61, Advanced Micro Devices Inc: 4.83, Royal Bank of Canada 0.02%: 3.90, Cra 0.025% , 8/3/2020: 3.51, Applied Materials Inc: 3.33",21.06,22.93,2.1
22275,TEPIX,ProFunds Technology UltraSector Fund Investor Class,ProFunds,2000-06-18,1.0,2.0,5.0,"The investment seeks daily investment results, before fees and expenses, that correspond to one and one-half times (1.5x) the daily performance of the Dow Jones U.S. TechnologySM Index. The fund invests in financial instruments that ProFund Advisors believes, in combination, should produce daily returns consistent with the fund's investment objective. The index seeks to measure the performance of certain companies in the technology sector of the U.S. equity market. The fund is non-diversified.",Growth,Large,USD,13.0,6.0,84790000.0,"Apple Inc: 14.64, Microsoft Corp: 13.14, Soc 0.035% , 8/3/2020: 12.11, Facebook Inc A: 5.16, Royal Bank of Canada 0.02%: 4.84, Cra 0.025% , 8/3/2020: 4.36, Alphabet Inc A: 3.77, Alphabet Inc Class C: 3.67, NVIDIA Corp: 2.21, Cib 0.01% , 8/3/2020: 1.94",32.86,23.73,2.05
22277,TEPSX,ProFunds Technology UltraSector Fund Service Class,ProFunds,2000-06-18,1.0,2.0,5.0,"The investment seeks daily investment results, before fees and expenses, that correspond to one and one-half times (1.5x) the daily performance of the Dow Jones U.S. TechnologySM Index. The fund invests in financial instruments that ProFund Advisors believes, in combination, should produce daily returns consistent with the fund's investment objective. The index seeks to measure the performance of certain companies in the technology sector of the U.S. equity market. The fund is non-diversified.",Growth,Large,USD,12.0,7.0,84790000.0,"Apple Inc: 14.64, Microsoft Corp: 13.14, Soc 0.035% , 8/3/2020: 12.11, Facebook Inc A: 5.16, Royal Bank of Canada 0.02%: 4.84, Cra 0.025% , 8/3/2020: 4.36, Alphabet Inc A: 3.77, Alphabet Inc Class C: 3.67, NVIDIA Corp: 2.21, Cib 0.01% , 8/3/2020: 1.94",31.74,22.49,1.96
4841,DXSLX,Direxion Monthly S&P 500 Bull 2X Fund Investor Class,Direxion Funds,2006-04-30,3.0,3.0,5.0,"The investment seeks monthly investment results, before fees and expenses, of 200% of the calendar month performance of the S&P 500 Index. The fund invests at least 80% of its net assets (plus borrowing for investment purposes) in securities of the index, exchange-traded funds (""ETFs"") that track the index and other financial instruments that provide monthly exposure to the index or ETFs that track the index. The index is a float-adjusted, market capitalization-weighted index. The fund is non-diversified.",Blend,Large,USD,8.0,5.0,74830000.0,"197049SPXCS12102020: 182.47, Fidelity Inv MM Fds Government Instl: 18.13, iShares Core S&P 500 ETF: 7.84",-2.45,21.51,1.93
2183,BIPIX,ProFunds Biotechnology UltraSector Fund Investor Class,ProFunds,2000-06-18,4.0,5.0,5.0,"The investment seeks daily investment results, before fees and expenses, that correspond to one and one-half times (1.5x) the daily performance of the Dow Jones U.S. BiotechnologySM Index. The fund invests in financial instruments that the adviser believes, in combination, should produce daily returns consistent with its investment objective. The index seeks to measure the performance of certain companies in the biotechnology sector of the U.S. equity market. The fund is non-diversified.",Blend,Large,USD,12.0,7.0,134640000.0,"Soc 0.035% , 8/3/2020: 13.39, AbbVie Inc: 12.20, Amgen Inc: 10.50, Gilead Sciences Inc: 6.36, Royal Bank of Canada 0.02%: 5.36, Vertex Pharmaceuticals Inc: 5.15, Cra 0.025% , 8/3/2020: 4.82, Regeneron Pharmaceuticals Inc: 4.65, Illumina Inc: 4.10, Biogen Inc: 3.27",0.4,20.42,1.91
20535,RYTNX,Rydex S&P 500 2x Strategy Fund Class H,Rydex Funds,2000-05-18,2.0,3.0,5.0,"The investment seeks to provide investment results that match, before fees and expenses, 200% of the performance of the S&P 500 Index on a daily basis. The fund employs as its investment strategy a program of investing in the common stock of companies that are generally within the capitalization range of the underlying index and derivative instruments. It will invest at least 80% of its net assets, plus any borrowings for investment purposes, in financial instruments with economic characteristics that should perform similarly to the securities of companies in the underlying index. The fund is non-diversified.",Blend,Large,USD,13.0,6.0,114870000.0,"Microsoft Corp: 5.07, Apple Inc: 4.88, Amazon.com Inc: 3.79, United States Treasury Bills 0.13%: 2.88, Facebook Inc A: 1.79, S&P 500 Index: 1.43, Alphabet Inc A: 1.40, Alphabet Inc Class C: 1.36, Johnson & Johnson: 1.22, Berkshire Hathaway Inc Class B: 1.14",-8.59,20.07,1.85
20539,RYTTX,Rydex S&P 500 2x Strategy Fund Class A,Rydex Funds,2004-08-31,3.0,3.0,5.0,"The investment seeks to provide investment results that match, before fees and expenses, 200% of the performance of the S&P 500 Index on a daily basis. The fund employs as its investment strategy a program of investing in the common stock of companies that are generally within the capitalization range of the underlying index and derivative instruments. It will invest at least 80% of its net assets, plus any borrowings for investment purposes, in financial instruments with economic characteristics that should perform similarly to the securities of companies in the underlying index. The fund is non-diversified.",Blend,Large,USD,11.0,4.0,114870000.0,"Microsoft Corp: 5.07, Apple Inc: 4.88, Amazon.com Inc: 3.79, United States Treasury Bills 0.13%: 2.88, Facebook Inc A: 1.79, S&P 500 Index: 1.43, Alphabet Inc A: 1.40, Alphabet Inc Class C: 1.36, Johnson & Johnson: 1.22, Berkshire Hathaway Inc Class B: 1.14",-8.58,20.09,1.85
2187,BIPSX,ProFunds Biotechnology UltraSector Fund Service Class,ProFunds,2000-06-18,3.0,5.0,5.0,"The investment seeks daily investment results, before fees and expenses, that correspond to one and one-half times (1.5x) the daily performance of the Dow Jones U.S. BiotechnologySM Index. The fund invests in financial instruments that the adviser believes, in combination, should produce daily returns consistent with its investment objective. The index seeks to measure the performance of certain companies in the biotechnology sector of the U.S. equity market. The fund is non-diversified.",Blend,Large,USD,12.0,7.0,134640000.0,"Soc 0.035% , 8/3/2020: 13.39, AbbVie Inc: 12.20, Amgen Inc: 10.50, Gilead Sciences Inc: 6.36, Royal Bank of Canada 0.02%: 5.36, Vertex Pharmaceuticals Inc: 5.15, Cra 0.025% , 8/3/2020: 4.82, Regeneron Pharmaceuticals Inc: 4.65, Illumina Inc: 4.10, Biogen Inc: 3.27",-0.42,19.22,1.83
3650,CPODX,Morgan Stanley Insight Fund Class I,Morgan Stanley,1997-07-27,5.0,5.0,5.0,"The investment seeks long-term capital appreciation. Under normal circumstances, the fund's assets will be invested primarily in a portfolio of common stocks of companies with market capitalizations, at the time of purchase, within the capitalization range of the companies comprising the Russell 3000 Growth Index. The Adviser seeks long-term capital appreciation by investing primarily in established and emerging companies. The Adviser emphasizes a bottom-up stock selection process, seeking attractive investments on an individual company basis.",Growth,Large,USD,16.0,6.0,6010000000.0,"Shopify Inc A: 6.56, Zoom Video Communications Inc: 5.63, Spotify Technology SA: 5.55, Coupa Software Inc: 5.54, Amazon.com Inc: 4.72, Veeva Systems Inc Class A: 4.67, Square Inc A: 4.57, MongoDB Inc Class A: 4.16, Twilio Inc A: 4.06, Okta Inc A: 4.00",80.21,22.11,1.83
13760,MCRTX,Morgan Stanley Insight Fund Class IS,Morgan Stanley,2013-09-12,5.0,5.0,5.0,"The investment seeks long-term capital appreciation. Under normal circumstances, the fund's assets will be invested primarily in a portfolio of common stocks of companies with market capitalizations, at the time of purchase, within the capitalization range of the companies comprising the Russell 3000 Growth Index. The Adviser seeks long-term capital appreciation by investing primarily in established and emerging companies. The Adviser emphasizes a bottom-up stock selection process, seeking attractive investments on an individual company basis.",Growth,Large,USD,5.0,1.0,6010000000.0,"Shopify Inc A: 6.56, Zoom Video Communications Inc: 5.63, Spotify Technology SA: 5.55, Coupa Software Inc: 5.54, Amazon.com Inc: 4.72, Veeva Systems Inc Class A: 4.67, Square Inc A: 4.57, MongoDB Inc Class A: 4.16, Twilio Inc A: 4.06, Okta Inc A: 4.00",80.33,22.14,1.83
17679,PGTIX,T. Rowe Price Global Technology Fund I Class,T. Rowe Price,2016-11-28,3.0,3.0,4.0,"The investment seeks long-term capital growth. The fund will normally invest at least 80% of its net assets (including any borrowings for investment purposes) in the common stocks of companies the managers expect to generate a majority of their revenues from the development, advancement, and use of technology. It normally seeks to invest in at least 5 countries and allocate approximately 25% of its assets in stocks of companies outside the U.S, including companies in emerging markets. The fund is non-diversified.",Growth,Large,USD,2.0,1.0,6660000000.0,"Alibaba Group Holding Ltd ADR: 5.78, Amazon.com Inc: 5.49, Sea Ltd ADR: 4.67, Shopify Inc A: 4.40, Netflix Inc: 3.86, Salesforce.com Inc: 3.74, Taiwan Semiconductor Manufacturing Co Ltd: 3.48, Slack Technologies Inc Class A: 3.34, Facebook Inc A: 3.03, Visa Inc Class A: 2.86",44.47,22.21,1.83
23331,ULPIX,ProFunds UltraBull Fund Investor Class,ProFunds,1997-11-25,2.0,3.0,5.0,"The investment seeks daily investment results, before fees and expenses, that correspond to two times (2x) the daily performance of the S&P 500 Index(the ""index""). The fund invests in financial instruments that ProFund Advisors believes, in combination, should produce daily returns consistent with the fund's investment objective. It is a float-adjusted, market capitalization-weighted index of 500 U.S. operating companies and real estate investment trusts selected through a process that factors in criteria such as liquidity, price, market capitalization and financial viability. The fund is non-diversified.",Blend,Large,USD,15.0,7.0,73910000.0,"Soc 0.035% , 8/3/2020: 18.74, E-mini S&P 500 Future Sept 20: 8.26, Royal Bank of Canada 0.02%: 7.49, Cra 0.025% , 8/3/2020: 6.74, Apple Inc: 3.26, Cib 0.01% , 8/3/2020: 3.00, Hsb 0.015% , 8/3/2020: 3.00, Microsoft Corp: 2.92, Amazon.com Inc: 2.50, Facebook Inc A: 1.15",-9.42,19.76,1.83
3998,CYPIX,ProFunds Consumer Services UltraSector Fund Investor Class,ProFunds,2004-01-29,4.0,4.0,4.0,"The investment seeks daily investment results, before fees and expenses, that correspond to one and one-half times (1.5x) the daily performance of the Dow Jones U.S. Consumer ServicesSM Index. The fund invests in financial instruments that the adviser believes, in combination, should produce daily returns consistent with its investment objective. The index seeks to measure the stock performance of certain U.S. companies in the consumer services sector of the U.S. equity market. The fund is non-diversified.",Growth,Large,USD,11.0,4.0,91920000.0,"Amazon.com Inc: 21.92, Soc 0.035% , 8/3/2020: 12.91, Royal Bank of Canada 0.02%: 5.16, The Home Depot Inc: 4.72, Cra 0.025% , 8/3/2020: 4.65, Netflix Inc: 3.55, The Walt Disney Co: 3.49, Comcast Corp Class A: 3.22, Walmart Inc: 3.03, McDonald's Corp: 2.39",13.56,21.26,1.82
18558,PRGTX,T. Rowe Price Global Technology Fund,T. Rowe Price,2000-09-28,4.0,4.0,4.0,"The investment seeks long-term capital growth. The fund will normally invest at least 80% of its net assets (including any borrowings for investment purposes) in the common stocks of companies the managers expect to generate a majority of their revenues from the development, advancement, and use of technology. It normally seeks to invest in at least 5 countries and allocate approximately 25% of its assets in stocks of companies outside the U.S, including companies in emerging markets. The fund is non-diversified.",Growth,Large,USD,14.0,5.0,6660000000.0,"Alibaba Group Holding Ltd ADR: 5.78, Amazon.com Inc: 5.49, Sea Ltd ADR: 4.67, Shopify Inc A: 4.40, Netflix Inc: 3.86, Salesforce.com Inc: 3.74, Taiwan Semiconductor Manufacturing Co Ltd: 3.48, Slack Technologies Inc Class A: 3.34, Facebook Inc A: 3.03, Visa Inc Class A: 2.86",44.34,22.15,1.82
2386,BPTIX,Baron Partners Fund Institutional Shares,Baron Capital Group,2009-05-28,5.0,5.0,5.0,"The investment seeks capital appreciation. The fund invests for the long term primarily in equity securities in the form of common stock of U.S. growth companies of any market capitalization. The Adviser seeks to invest in businesses the advisor believes have significant opportunities for growth, sustainable competitive advantages, exceptional management, and an attractive valuation. To take advantage of opportunities to invest, the fund may borrow money from banks (leverage) in an amount up to one-third of its total assets, which include assets purchased with borrowed money. It is non-diversified.",Growth,Large,USD,7.0,3.0,4510000000.0,"Tesla Inc: 45.20, CoStar Group Inc: 13.28, IDEXX Laboratories Inc: 6.60, Zillow Group Inc A: 5.83, FactSet Research Systems Inc: 4.89, Vail Resorts Inc: 4.13, Space Exploration Technologies Corp.: 4.06, Arch Capital Group Ltd: 4.03, Hyatt Hotels Corp: 3.23, Charles Schwab Corp: 2.95",64.53,20.59,1.8
3648,CPOAX,Morgan Stanley Insight Fund Class A,Morgan Stanley,1997-07-27,5.0,5.0,5.0,"The investment seeks long-term capital appreciation. Under normal circumstances, the fund's assets will be invested primarily in a portfolio of common stocks of companies with market capitalizations, at the time of purchase, within the capitalization range of the companies comprising the Russell 3000 Growth Index. The Adviser seeks long-term capital appreciation by investing primarily in established and emerging companies. The Adviser emphasizes a bottom-up stock selection process, seeking attractive investments on an individual company basis.",Growth,Large,USD,16.0,6.0,6010000000.0,"Shopify Inc A: 6.56, Zoom Video Communications Inc: 5.63, Spotify Technology SA: 5.55, Coupa Software Inc: 5.54, Amazon.com Inc: 4.72, Veeva Systems Inc Class A: 4.67, Square Inc A: 4.57, MongoDB Inc Class A: 4.16, Twilio Inc A: 4.06, Okta Inc A: 4.00",79.83,21.75,1.8
2388,BPTUX,Baron Partners Fund R6 Shares,Baron Capital Group,2016-08-30,5.0,5.0,5.0,"The investment seeks capital appreciation. The fund invests for the long term primarily in equity securities in the form of common stock of U.S. growth companies of any market capitalization. The Adviser seeks to invest in businesses the advisor believes have significant opportunities for growth, sustainable competitive advantages, exceptional management, and an attractive valuation. To take advantage of opportunities to invest, the fund may borrow money from banks (leverage) in an amount up to one-third of its total assets, which include assets purchased with borrowed money. It is non-diversified.",Growth,Large,USD,2.0,1.0,4510000000.0,"Tesla Inc: 45.20, CoStar Group Inc: 13.28, IDEXX Laboratories Inc: 6.60, Zillow Group Inc A: 5.83, FactSet Research Systems Inc: 4.89, Vail Resorts Inc: 4.13, Space Exploration Technologies Corp.: 4.06, Arch Capital Group Ltd: 4.03, Hyatt Hotels Corp: 3.23, Charles Schwab Corp: 2.95",64.53,20.4,1.79
20397,RYCTX,Rydex S&P 500 2x Strategy Fund Class C,Rydex Funds,2000-11-26,2.0,2.0,5.0,"The investment seeks to provide investment results that match, before fees and expenses, 200% of the performance of the S&P 500 Index on a daily basis. The fund employs as its investment strategy a program of investing in the common stock of companies that are generally within the capitalization range of the underlying index and derivative instruments. It will invest at least 80% of its net assets, plus any borrowings for investment purposes, in financial instruments with economic characteristics that should perform similarly to the securities of companies in the underlying index. The fund is non-diversified.",Blend,Large,USD,13.0,6.0,114870000.0,"Microsoft Corp: 5.07, Apple Inc: 4.88, Amazon.com Inc: 3.79, United States Treasury Bills 0.13%: 2.88, Facebook Inc A: 1.79, S&P 500 Index: 1.43, Alphabet Inc A: 1.40, Alphabet Inc Class C: 1.36, Johnson & Johnson: 1.22, Berkshire Hathaway Inc Class B: 1.14",-9.16,19.21,1.79
2387,BPTRX,Baron Partners Fund Retail Shares,Baron Capital Group,2003-04-29,5.0,5.0,5.0,"The investment seeks capital appreciation. The fund invests for the long term primarily in equity securities in the form of common stock of U.S. growth companies of any market capitalization. The Adviser seeks to invest in businesses the advisor believes have significant opportunities for growth, sustainable competitive advantages, exceptional management, and an attractive valuation. To take advantage of opportunities to invest, the fund may borrow money from banks (leverage) in an amount up to one-third of its total assets, which include assets purchased with borrowed money. It is non-diversified.",Growth,Large,USD,12.0,4.0,4510000000.0,"Tesla Inc: 45.20, CoStar Group Inc: 13.28, IDEXX Laboratories Inc: 6.60, Zillow Group Inc A: 5.83, FactSet Research Systems Inc: 4.89, Vail Resorts Inc: 4.13, Space Exploration Technologies Corp.: 4.06, Arch Capital Group Ltd: 4.03, Hyatt Hotels Corp: 3.23, Charles Schwab Corp: 2.95",64.17,20.27,1.78
1997,BFOCX,Berkshire Focus Fund,Berkshire,1997-06-30,5.0,5.0,5.0,"The investment seeks long-term growth of capital. The fund invests primarily in common stocks that are selected for their long-term growth potential. It may invest in companies of any size. The fund concentrates its investments in the electronic technology industry, which means more than 25%, and as much as 100%, of the fund's total assets can be invested in that particular industry. It may invest without limitation in foreign securities and certain types of exchange traded funds. The fund is non-diversified.",Growth,Large,USD,15.0,7.0,701510000.0,"Amazon.com Inc: 9.56, Apple Inc: 8.92, Microsoft Corp: 8.00, Tesla Inc: 6.13, Shopify Inc A: 6.11, Nvidia: 4.89, Square Inc A: 4.49, VanEck Vectors Semiconductor ETF: 4.01, RingCentral Inc Class A: 3.99, Splunk Inc: 3.86",54.39,20.76,1.77
14140,MGHRX,"Morgan Stanley Institutional Fund, Inc. Growth Portfolio Class IR",Morgan Stanley,2018-06-14,5.0,5.0,5.0,"The investment seeks long-term capital appreciation by investing primarily in growth-oriented equity securities of large capitalization companies. The fund invests primarily in established and emerging companies, with capitalizations within the range of companies included in the Russell 1000 Growth Index. It may invest up to 25% of its total assets in foreign securities.",Growth,Large,USD,1.0,,13840000000.0,"Shopify Inc A: 7.31, Amazon.com Inc: 5.66, Zoom Video Communications Inc: 5.52, Spotify Technology SA: 5.48, Square Inc A: 5.25, Veeva Systems Inc Class A: 4.66, Twilio Inc A: 4.51, Okta Inc A: 4.45, Slack Technologies Inc Class A: 3.87, Uber Technologies Inc: 3.73",77.87,21.41,1.77
14188,MGRPX,"Morgan Stanley Institutional Fund, Inc. Growth Portfolio Class IS",Morgan Stanley,2013-09-12,5.0,5.0,5.0,"The investment seeks long-term capital appreciation by investing primarily in growth-oriented equity securities of large capitalization companies. The fund invests primarily in established and emerging companies, with capitalizations within the range of companies included in the Russell 1000 Growth Index. It may invest up to 25% of its total assets in foreign securities.",Growth,Large,USD,5.0,1.0,13840000000.0,"Shopify Inc A: 7.31, Amazon.com Inc: 5.66, Zoom Video Communications Inc: 5.52, Spotify Technology SA: 5.48, Square Inc A: 5.25, Veeva Systems Inc Class A: 4.66, Twilio Inc A: 4.51, Okta Inc A: 4.45, Slack Technologies Inc Class A: 3.87, Uber Technologies Inc: 3.73",77.89,21.47,1.77
3649,CPOCX,Morgan Stanley Insight Fund Class L,Morgan Stanley,1997-07-27,5.0,5.0,5.0,"The investment seeks long-term capital appreciation. Under normal circumstances, the fund's assets will be invested primarily in a portfolio of common stocks of companies with market capitalizations, at the time of purchase, within the capitalization range of the companies comprising the Russell 3000 Growth Index. The Adviser seeks long-term capital appreciation by investing primarily in established and emerging companies. The Adviser emphasizes a bottom-up stock selection process, seeking attractive investments on an individual company basis.",Growth,Large,USD,16.0,6.0,6010000000.0,"Shopify Inc A: 6.56, Zoom Video Communications Inc: 5.63, Spotify Technology SA: 5.55, Coupa Software Inc: 5.54, Amazon.com Inc: 4.72, Veeva Systems Inc Class A: 4.67, Square Inc A: 4.57, MongoDB Inc Class A: 4.16, Twilio Inc A: 4.06, Okta Inc A: 4.00",79.12,21.07,1.76
15115,MSEQX,"Morgan Stanley Institutional Fund, Inc. Growth Portfolio Class I",Morgan Stanley,1991-04-01,5.0,5.0,5.0,"The investment seeks long-term capital appreciation by investing primarily in growth-oriented equity securities of large capitalization companies. The fund invests primarily in established and emerging companies, with capitalizations within the range of companies included in the Russell 1000 Growth Index. It may invest up to 25% of its total assets in foreign securities.",Growth,Large,USD,22.0,6.0,13840000000.0,"Shopify Inc A: 7.31, Amazon.com Inc: 5.66, Zoom Video Communications Inc: 5.52, Spotify Technology SA: 5.48, Square Inc A: 5.25, Veeva Systems Inc Class A: 4.66, Twilio Inc A: 4.51, Okta Inc A: 4.45, Slack Technologies Inc Class A: 3.87, Uber Technologies Inc: 3.73",77.77,21.39,1.76
22330,TFOIX,Transamerica Capital Growth Fund Class I,Transamerica,2009-11-29,5.0,5.0,5.0,"The investment seeks to maximize long-term growth. The fund seeks long-term capital growth by investing primarily in established and emerging companies with capitalizations within the range of companies included in the Russell 1000 Growth Index. It may invest up to 25% of its net assets in securities of foreign issuers, including issuers located in emerging market or developing countries and securities classified as American Depositary Receipts, Global Depositary Receipts, American Depositary Shares or Global Depositary Shares, foreign U.S. dollar denominated securities that are traded on a U.S. exchange or local shares of non-U.S. issuers.",Growth,Large,USD,8.0,2.0,4090000000.0,"Zoom Video Communications Inc: 7.13, Square Inc A: 6.29, Shopify Inc A: 5.63, Amazon.com Inc: 5.18, Veeva Systems Inc Class A: 4.77, Intuitive Surgical Inc: 4.56, Spotify Technology SA: 4.47, The Trade Desk Inc A: 3.67, Snap Inc Class A: 3.63, Uber Technologies Inc: 3.54",76.27,21.35,1.76
19066,PXSGX,Virtus KAR Small-Cap Growth Fund Class I,Virtus,2006-06-27,5.0,5.0,1.0,"The investment seeks long-term capital appreciation. Under normal circumstances, the fund invests at least 80% of its assets in common stocks of small market capitalization companies. It pursues long-term capital appreciation in the small capitalization market while seeking to incur less risk than the small capitalization growth market. The fund invests in a select group of small market capitalization companies believed by the fund's subadviser to possess sustainable competitive advantages at prices the subadviser deems attractive.",Growth,Medium,USD,11.0,2.0,6640000000.0,"Ollie's Bargain Outlet Holdings Inc: 7.98, Auto Trader Group PLC: 6.47, Old Dominion Freight Line Inc Ordinary Shares: 6.27, Autohome Inc ADR: 5.69, Fox Factory Holding Corp: 5.41, MarketAxess Holdings Inc: 5.20, Bill.com Holdings Inc Ordinary Shares: 5.19, Rightmove PLC: 4.65, BlackLine Inc: 4.44, Avalara Inc: 4.32",27.37,21.68,1.75
20706,SCATX,Virtus Zevenbergen Innovative Growth Stock Fund Class I,Virtus,2004-02-22,5.0,5.0,5.0,"The investment seeks long-term capital appreciation. The fund invests at least 80% of its net assets (plus any borrowings for investment purposes) in common stocks of U.S. companies and other U.S.-traded equity securities. The Adviser considers U.S.-traded equity securities to include ADRs, as well as securities that are traded in the U.S. that have been issued by companies established, domiciled or operating in foreign countries. It may invest in companies of any size and may invest a portion of its assets in U.S. or non-U.S. issued securities of foreign companies.",Growth,Large,USD,12.0,3.0,1030000000.0,"Tesla Inc: 7.04, Shopify Inc A: 5.98, Amazon.com Inc: 5.80, Exact Sciences Corp: 5.18, Teladoc Health Inc: 4.62, NVIDIA Corp: 4.60, The Trade Desk Inc A: 4.37, Okta Inc A: 4.00, MercadoLibre Inc: 3.99, Zillow Group Inc C: 3.95",76.57,20.52,1.75
23332,ULPSX,ProFunds UltraBull Fund Service Class,ProFunds,1997-11-25,2.0,2.0,5.0,"The investment seeks daily investment results, before fees and expenses, that correspond to two times (2x) the daily performance of the S&P 500 Index(the ""index""). The fund invests in financial instruments that ProFund Advisors believes, in combination, should produce daily returns consistent with the fund's investment objective. It is a float-adjusted, market capitalization-weighted index of 500 U.S. operating companies and real estate investment trusts selected through a process that factors in criteria such as liquidity, price, market capitalization and financial viability. The fund is non-diversified.",Blend,Large,USD,14.0,8.0,73910000.0,"Soc 0.035% , 8/3/2020: 18.74, E-mini S&P 500 Future Sept 20: 8.26, Royal Bank of Canada 0.02%: 7.49, Cra 0.025% , 8/3/2020: 6.74, Apple Inc: 3.26, Cib 0.01% , 8/3/2020: 3.00, Hsb 0.015% , 8/3/2020: 3.00, Microsoft Corp: 2.92, Amazon.com Inc: 2.50, Facebook Inc A: 1.15",-10.17,18.58,1.75
23968,VRSGX,Virtus KAR Small-Cap Growth Fund Class R6,Virtus,2018-01-29,5.0,5.0,1.0,"The investment seeks long-term capital appreciation. Under normal circumstances, the fund invests at least 80% of its assets in common stocks of small market capitalization companies. It pursues long-term capital appreciation in the small capitalization market while seeking to incur less risk than the small capitalization growth market. The fund invests in a select group of small market capitalization companies believed by the fund's subadviser to possess sustainable competitive advantages at prices the subadviser deems attractive.",Growth,Medium,USD,1.0,,6640000000.0,"Ollie's Bargain Outlet Holdings Inc: 7.98, Auto Trader Group PLC: 6.47, Old Dominion Freight Line Inc Ordinary Shares: 6.27, Autohome Inc ADR: 5.69, Fox Factory Holding Corp: 5.41, MarketAxess Holdings Inc: 5.20, Bill.com Holdings Inc Ordinary Shares: 5.19, Rightmove PLC: 4.65, BlackLine Inc: 4.44, Avalara Inc: 4.32",27.47,21.71,1.75
3999,CYPSX,ProFunds Consumer Services UltraSector Fund Service Class,ProFunds,2004-01-29,3.0,4.0,4.0,"The investment seeks daily investment results, before fees and expenses, that correspond to one and one-half times (1.5x) the daily performance of the Dow Jones U.S. Consumer ServicesSM Index. The fund invests in financial instruments that the adviser believes, in combination, should produce daily returns consistent with its investment objective. The index seeks to measure the stock performance of certain U.S. companies in the consumer services sector of the U.S. equity market. The fund is non-diversified.",Growth,Large,USD,11.0,4.0,91920000.0,"Amazon.com Inc: 21.92, Soc 0.035% , 8/3/2020: 12.91, Royal Bank of Canada 0.02%: 5.16, The Home Depot Inc: 4.72, Cra 0.025% , 8/3/2020: 4.65, Netflix Inc: 3.55, The Walt Disney Co: 3.49, Comcast Corp Class A: 3.22, Walmart Inc: 3.03, McDonald's Corp: 2.39",12.64,20.06,1.74
15090,MSCMX,Morgan Stanley Insight Fund Class C,Morgan Stanley,2015-04-29,5.0,5.0,5.0,"The investment seeks long-term capital appreciation. Under normal circumstances, the fund's assets will be invested primarily in a portfolio of common stocks of companies with market capitalizations, at the time of purchase, within the capitalization range of the companies comprising the Russell 3000 Growth Index. The Adviser seeks long-term capital appreciation by investing primarily in established and emerging companies. The Adviser emphasizes a bottom-up stock selection process, seeking attractive investments on an individual company basis.",Growth,Large,USD,3.0,1.0,6010000000.0,"Shopify Inc A: 6.56, Zoom Video Communications Inc: 5.63, Spotify Technology SA: 5.55, Coupa Software Inc: 5.54, Amazon.com Inc: 4.72, Veeva Systems Inc Class A: 4.67, Square Inc A: 4.57, MongoDB Inc Class A: 4.16, Twilio Inc A: 4.06, Okta Inc A: 4.00",78.73,20.86,1.74
15108,MSEGX,"Morgan Stanley Institutional Fund, Inc. Growth Portfolio Class A",Morgan Stanley,1996-01-01,5.0,5.0,5.0,"The investment seeks long-term capital appreciation by investing primarily in growth-oriented equity securities of large capitalization companies. The fund invests primarily in established and emerging companies, with capitalizations within the range of companies included in the Russell 1000 Growth Index. It may invest up to 25% of its total assets in foreign securities.",Growth,Large,USD,17.0,6.0,13840000000.0,"Shopify Inc A: 7.31, Amazon.com Inc: 5.66, Zoom Video Communications Inc: 5.52, Spotify Technology SA: 5.48, Square Inc A: 5.25, Veeva Systems Inc Class A: 4.66, Twilio Inc A: 4.51, Okta Inc A: 4.45, Slack Technologies Inc Class A: 3.87, Uber Technologies Inc: 3.73",77.44,21.08,1.74
5763,FBIOX,Fidelity Select Biotechnology Portfolio,Fidelity Investments,1985-12-15,3.0,4.0,5.0,"The investment seeks capital appreciation. The fund invests primarily in common stocks. It normally invests at least 80% of assets in securities of companies principally engaged in the research, development, manufacture, and distribution of various biotechnological products, services, and processes and companies that benefit significantly from scientific and technological advances in biotechnology. The fund invests in domestic and foreign issuers. It uses fundamental analysis of factors such as each issuer's financial condition and industry position, as well as market and economic conditions to select investments. The fund is non-diversified.",Growth,Medium,USD,26.0,8.0,7350000000.0,"AbbVie Inc: 7.67, Amgen Inc: 6.03, Vertex Pharmaceuticals Inc: 4.64, Regeneron Pharmaceuticals Inc: 3.72, Gilead Sciences Inc: 3.14, Acceleron Pharma Inc: 2.36, Biogen Inc: 2.29, Alnylam Pharmaceuticals Inc: 2.26, Mirati Therapeutics Inc: 1.98, argenx SE ADR: 1.75",14.36,19.19,1.73
7381,FSELX,Fidelity Select Semiconductors Portfolio,Fidelity Investments,1985-07-28,4.0,4.0,5.0,"The investment seeks capital appreciation. The fund invests primarily in common stocks. It invests at least 80% of its assets in securities of companies principally engaged in the design, manufacture, or sale of semiconductors and semiconductor equipment. The fund invests in domestic and foreign issuers. It uses fundamental analysis of factors such as each issuer's financial condition and industry position, as well as market and economic conditions, to select investments. The fund is non-diversified.",Blend,Large,USD,24.0,10.0,4220000000.0,"NVIDIA Corp: 23.25, Qualcomm Inc: 7.29, Intel Corp: 6.80, Broadcom Inc: 5.81, NXP Semiconductors NV: 5.16, Marvell Technology Group Ltd: 4.85, Microchip Technology Inc: 4.35, Micron Technology Inc: 4.34, Lam Research Corp: 4.18, ON Semiconductor Corp: 4.13",17.27,20.31,1.73
9945,IALAX,Transamerica Capital Growth Fund Class A,Transamerica,1999-02-28,5.0,5.0,5.0,"The investment seeks to maximize long-term growth. The fund seeks long-term capital growth by investing primarily in established and emerging companies with capitalizations within the range of companies included in the Russell 1000 Growth Index. It may invest up to 25% of its net assets in securities of foreign issuers, including issuers located in emerging market or developing countries and securities classified as American Depositary Receipts, Global Depositary Receipts, American Depositary Shares or Global Depositary Shares, foreign U.S. dollar denominated securities that are traded on a U.S. exchange or local shares of non-U.S. issuers.",Growth,Large,USD,16.0,4.0,4090000000.0,"Zoom Video Communications Inc: 7.23, Square Inc A: 6.57, Shopify Inc A: 6.19, Amazon.com Inc: 5.34, Veeva Systems Inc Class A: 4.93, Intuitive Surgical Inc: 4.89, Spotify Technology SA: 4.17, Carvana Co Class A: 4.08, The Trade Desk Inc A: 3.71, Uber Technologies Inc: 3.62",75.93,20.94,1.73
18738,PSGAX,Virtus KAR Small-Cap Growth Fund Class A,Virtus,2006-06-27,5.0,5.0,1.0,"The investment seeks long-term capital appreciation. Under normal circumstances, the fund invests at least 80% of its assets in common stocks of small market capitalization companies. It pursues long-term capital appreciation in the small capitalization market while seeking to incur less risk than the small capitalization growth market. The fund invests in a select group of small market capitalization companies believed by the fund's subadviser to possess sustainable competitive advantages at prices the subadviser deems attractive.",Growth,Medium,USD,11.0,2.0,6640000000.0,"Ollie's Bargain Outlet Holdings Inc: 7.98, Auto Trader Group PLC: 6.47, Old Dominion Freight Line Inc Ordinary Shares: 6.27, Autohome Inc ADR: 5.69, Fox Factory Holding Corp: 5.41, MarketAxess Holdings Inc: 5.20, Bill.com Holdings Inc Ordinary Shares: 5.19, Rightmove PLC: 4.65, BlackLine Inc: 4.44, Avalara Inc: 4.32",27.06,21.37,1.73
20592,SAGAX,Virtus Zevenbergen Innovative Growth Stock Fund Class A,Virtus,2004-02-22,5.0,5.0,5.0,"The investment seeks long-term capital appreciation. The fund invests at least 80% of its net assets (plus any borrowings for investment purposes) in common stocks of U.S. companies and other U.S.-traded equity securities. The Adviser considers U.S.-traded equity securities to include ADRs, as well as securities that are traded in the U.S. that have been issued by companies established, domiciled or operating in foreign countries. It may invest in companies of any size and may invest a portion of its assets in U.S. or non-U.S. issued securities of foreign companies.",Growth,Large,USD,12.0,3.0,1030000000.0,"Tesla Inc: 7.04, Shopify Inc A: 5.98, Amazon.com Inc: 5.80, Exact Sciences Corp: 5.18, Teladoc Health Inc: 4.62, NVIDIA Corp: 4.60, The Trade Desk Inc A: 4.37, Okta Inc A: 4.00, MercadoLibre Inc: 3.99, Zillow Group Inc C: 3.95",76.19,20.25,1.73
2086,BGSIX,BlackRock Technology Opportunities Fund Institutional Shares,BlackRock,2000-05-14,5.0,5.0,4.0,"The investment seeks long-term capital appreciation. The fund invests at least 80% of its net assets in equity securities issued by U.S. and non-U.S. technology companies in all market capitalization ranges, selected for their rapid and sustainable growth potential from the development, advancement and use of technology. It may invest in both developed and emerging markets. The fund invests primarily in common stock but may also invest in preferred stock and convertible securities. It may also invest in Rule 144A securities, which are privately placed securities purchased by qualified institutional buyers.",Growth,Large,USD,15.0,4.0,6040000000.0,"BlackRock Liquidity T-Fund Instl: 5.67, Apple Inc: 4.30, Microsoft Corp: 3.61, Amazon.com Inc: 2.68, Alibaba Group Holding Ltd ADR: 2.23, Tesla Inc: 2.23, Tencent Holdings Ltd: 1.92, Square Inc A: 1.76, PayPal Holdings Inc: 1.67, LG Chem Ltd: 1.58",51.87,20.64,1.71
6069,FELIX,Fidelity Advisor Semiconductors Fund Class I,Fidelity Investments,2000-12-26,4.0,4.0,5.0,"The investment seeks capital appreciation. The fund normally invests primarily in common stocks. It normally invests at least 80% of assets in securities of companies principally engaged in the design, manufacture, or sale of semiconductors and semiconductor equipment. The fund invests in domestic and foreign issuers. It uses fundamental analysis of factors such as each issuer's financial condition and industry position, as well as market and economic conditions, to select investments. The fund is non-diversified.",Blend,Large,USD,13.0,6.0,387310000.0,"NVIDIA Corp: 23.30, Qualcomm Inc: 7.29, Intel Corp: 6.77, Broadcom Inc: 5.82, NXP Semiconductors NV: 4.88, Marvell Technology Group Ltd: 4.73, Microchip Technology Inc: 4.35, Lam Research Corp: 4.19, ON Semiconductor Corp: 4.14, Micron Technology Inc: 4.12",17.37,19.97,1.71
6578,FIKGX,Fidelity Advisor Semiconductors Fund Class Z,Fidelity Investments,2018-10-01,4.0,4.0,5.0,"The investment seeks capital appreciation. The fund normally invests primarily in common stocks. It normally invests at least 80% of assets in securities of companies principally engaged in the design, manufacture, or sale of semiconductors and semiconductor equipment. The fund invests in domestic and foreign issuers. It uses fundamental analysis of factors such as each issuer's financial condition and industry position, as well as market and economic conditions, to select investments. The fund is non-diversified.",Blend,Large,USD,1.0,,387310000.0,"NVIDIA Corp: 23.30, Qualcomm Inc: 7.29, Intel Corp: 6.77, Broadcom Inc: 5.82, NXP Semiconductors NV: 4.88, Marvell Technology Group Ltd: 4.73, Microchip Technology Inc: 4.35, Lam Research Corp: 4.19, ON Semiconductor Corp: 4.14, Micron Technology Inc: 4.12",17.5,20.0,1.71
15148,MSHLX,"Morgan Stanley Institutional Fund, Inc. Growth Portfolio Class L",Morgan Stanley,2012-04-26,5.0,5.0,5.0,"The investment seeks long-term capital appreciation by investing primarily in growth-oriented equity securities of large capitalization companies. The fund invests primarily in established and emerging companies, with capitalizations within the range of companies included in the Russell 1000 Growth Index. It may invest up to 25% of its total assets in foreign securities.",Growth,Large,USD,6.0,1.0,13840000000.0,"Shopify Inc A: 7.31, Amazon.com Inc: 5.66, Zoom Video Communications Inc: 5.52, Spotify Technology SA: 5.48, Square Inc A: 5.25, Veeva Systems Inc Class A: 4.66, Twilio Inc A: 4.51, Okta Inc A: 4.45, Slack Technologies Inc Class A: 3.87, Uber Technologies Inc: 3.73",76.7,20.44,1.7
2552,BSTSX,BlackRock Technology Opportunities Fund Service Shares,BlackRock,2000-05-14,5.0,5.0,4.0,"The investment seeks long-term capital appreciation. The fund invests at least 80% of its net assets in equity securities issued by U.S. and non-U.S. technology companies in all market capitalization ranges, selected for their rapid and sustainable growth potential from the development, advancement and use of technology. It may invest in both developed and emerging markets. The fund invests primarily in common stock but may also invest in preferred stock and convertible securities. It may also invest in Rule 144A securities, which are privately placed securities purchased by qualified institutional buyers.",Growth,Large,USD,15.0,4.0,6040000000.0,"BlackRock Liquidity T-Fund Instl: 5.67, Apple Inc: 4.30, Microsoft Corp: 3.61, Amazon.com Inc: 2.68, Alibaba Group Holding Ltd ADR: 2.23, Tesla Inc: 2.23, Tencent Holdings Ltd: 1.92, Square Inc A: 1.76, PayPal Holdings Inc: 1.67, LG Chem Ltd: 1.58",51.56,20.38,1.69
2084,BGSAX,BlackRock Technology Opportunities Fund Investor A Shares,BlackRock,2000-05-14,5.0,5.0,4.0,"The investment seeks long-term capital appreciation. The fund invests at least 80% of its net assets in equity securities issued by U.S. and non-U.S. technology companies in all market capitalization ranges, selected for their rapid and sustainable growth potential from the development, advancement and use of technology. It may invest in both developed and emerging markets. The fund invests primarily in common stock but may also invest in preferred stock and convertible securities. It may also invest in Rule 144A securities, which are privately placed securities purchased by qualified institutional buyers.",Growth,Large,USD,15.0,4.0,6040000000.0,"BlackRock Liquidity T-Fund Instl: 5.67, Apple Inc: 4.30, Microsoft Corp: 3.61, Amazon.com Inc: 2.68, Alibaba Group Holding Ltd ADR: 2.23, Tesla Inc: 2.23, Tencent Holdings Ltd: 1.92, Square Inc A: 1.76, PayPal Holdings Inc: 1.67, LG Chem Ltd: 1.58",51.55,20.28,1.68
5636,FAGCX,Fidelity Advisor Growth Opportunities Fund Class I,Fidelity Investments,1995-07-02,5.0,5.0,5.0,"The investment seeks capital growth. The fund normally invests primarily in common stocks. It invests in companies that the advisor believes have above-average growth potential (stocks of these companies are often called ""growth"" stocks). The fund invests in domestic and foreign issuers. It uses fundamental analysis of factors such as each issuer's financial condition and industry position, as well as market and economic conditions to select investments.",Growth,Large,USD,20.0,4.0,15740000000.0,"Microsoft Corp: 8.36, Amazon.com Inc: 6.32, Apple Inc: 4.36, Facebook Inc A: 3.40, Alphabet Inc Class C: 3.30, Tesla Inc: 3.18, NVIDIA Corp: 2.40, Carvana Co Class A: 2.36, Roku Inc Class A: 2.00, T-Mobile US Inc: 1.93",39.2,20.52,1.68
6067,FELAX,Fidelity Advisor Semiconductors Fund Class A,Fidelity Investments,2000-12-26,3.0,4.0,5.0,"The investment seeks capital appreciation. The fund normally invests primarily in common stocks. It normally invests at least 80% of assets in securities of companies principally engaged in the design, manufacture, or sale of semiconductors and semiconductor equipment. The fund invests in domestic and foreign issuers. It uses fundamental analysis of factors such as each issuer's financial condition and industry position, as well as market and economic conditions, to select investments. The fund is non-diversified.",Blend,Large,USD,13.0,6.0,387310000.0,"NVIDIA Corp: 23.30, Qualcomm Inc: 7.29, Intel Corp: 6.77, Broadcom Inc: 5.82, NXP Semiconductors NV: 4.88, Marvell Technology Group Ltd: 4.73, Microchip Technology Inc: 4.35, Lam Research Corp: 4.19, ON Semiconductor Corp: 4.14, Micron Technology Inc: 4.12",17.1,19.64,1.68
7768,FZAHX,Fidelity Advisor Growth Opportunities Fund Class Z,Fidelity Investments,2013-08-12,5.0,5.0,5.0,"The investment seeks capital growth. The fund normally invests primarily in common stocks. It invests in companies that the advisor believes have above-average growth potential (stocks of these companies are often called ""growth"" stocks). The fund invests in domestic and foreign issuers. It uses fundamental analysis of factors such as each issuer's financial condition and industry position, as well as market and economic conditions to select investments.",Growth,Large,USD,6.0,,15740000000.0,"Microsoft Corp: 8.36, Amazon.com Inc: 6.32, Apple Inc: 4.36, Facebook Inc A: 3.40, Alphabet Inc Class C: 3.30, Tesla Inc: 3.18, NVIDIA Corp: 2.40, Carvana Co Class A: 2.36, Roku Inc Class A: 2.00, T-Mobile US Inc: 1.93",39.35,20.46,1.68
10431,ILLLX,Transamerica Capital Growth Fund Class C,Transamerica,2002-11-10,5.0,5.0,5.0,"The investment seeks to maximize long-term growth. The fund seeks long-term capital growth by investing primarily in established and emerging companies with capitalizations within the range of companies included in the Russell 1000 Growth Index. It may invest up to 25% of its net assets in securities of foreign issuers, including issuers located in emerging market or developing countries and securities classified as American Depositary Receipts, Global Depositary Receipts, American Depositary Shares or Global Depositary Shares, foreign U.S. dollar denominated securities that are traded on a U.S. exchange or local shares of non-U.S. issuers.",Growth,Large,USD,13.0,4.0,4090000000.0,"Zoom Video Communications Inc: 7.23, Square Inc A: 6.57, Shopify Inc A: 6.19, Amazon.com Inc: 5.34, Veeva Systems Inc Class A: 4.93, Intuitive Surgical Inc: 4.89, Spotify Technology SA: 4.17, Carvana Co Class A: 4.08, The Trade Desk Inc A: 3.71, Uber Technologies Inc: 3.62",74.81,20.11,1.68
15142,MSGUX,"Morgan Stanley Institutional Fund, Inc. Growth Portfolio Class C",Morgan Stanley,2015-04-29,5.0,5.0,5.0,"The investment seeks long-term capital appreciation by investing primarily in growth-oriented equity securities of large capitalization companies. The fund invests primarily in established and emerging companies, with capitalizations within the range of companies included in the Russell 1000 Growth Index. It may invest up to 25% of its total assets in foreign securities.",Growth,Large,USD,3.0,1.0,13840000000.0,"Shopify Inc A: 7.31, Amazon.com Inc: 5.66, Zoom Video Communications Inc: 5.52, Spotify Technology SA: 5.48, Square Inc A: 5.25, Veeva Systems Inc Class A: 4.66, Twilio Inc A: 4.51, Okta Inc A: 4.45, Slack Technologies Inc Class A: 3.87, Uber Technologies Inc: 3.73",76.34,20.17,1.68
5793,FBTIX,Fidelity Advisor Biotechnology Fund I Class,Fidelity Investments,2000-12-26,3.0,3.0,5.0,"The investment seeks capital appreciation. The fund invests primarily in common stocks. It normally invests at least 80% of assets in securities of companies principally engaged in the research, development, manufacture, and distribution of various biotechnological products, services, and processes, and companies that benefit significantly from scientific and technological advances in biotechnology. The fund invests in domestic and foreign issuers. It uses fundamental analysis of factors such as each issuer's financial condition and industry position, as well as market and economic conditions, to select investments. The fund is non-diversified.",Growth,Large,USD,14.0,5.0,2410000000.0,"AbbVie Inc: 17.87, Vertex Pharmaceuticals Inc: 7.59, Regeneron Pharmaceuticals Inc: 7.38, Amgen Inc: 4.68, Alexion Pharmaceuticals Inc: 4.11, argenx SE ADR: 3.74, Ascendis Pharma A/S ADR: 3.06, Alnylam Pharmaceuticals Inc: 2.99, Neurocrine Biosciences Inc: 2.70, Exelixis Inc: 2.27",13.15,18.69,1.67
6570,FIJYX,Fidelity Advisor Biotechnology Fund Class Z,Fidelity Investments,2018-10-01,3.0,3.0,5.0,"The investment seeks capital appreciation. The fund invests primarily in common stocks. It normally invests at least 80% of assets in securities of companies principally engaged in the research, development, manufacture, and distribution of various biotechnological products, services, and processes, and companies that benefit significantly from scientific and technological advances in biotechnology. The fund invests in domestic and foreign issuers. It uses fundamental analysis of factors such as each issuer's financial condition and industry position, as well as market and economic conditions, to select investments. The fund is non-diversified.",Growth,Large,USD,1.0,,2410000000.0,"AbbVie Inc: 17.87, Vertex Pharmaceuticals Inc: 7.59, Regeneron Pharmaceuticals Inc: 7.38, Amgen Inc: 4.68, Alexion Pharmaceuticals Inc: 4.11, argenx SE ADR: 3.74, Ascendis Pharma A/S ADR: 3.06, Alnylam Pharmaceuticals Inc: 2.99, Neurocrine Biosciences Inc: 2.70, Exelixis Inc: 2.27",13.27,18.72,1.67
18582,PRJIX,T. Rowe Price New Horizons Fund I Class,T. Rowe Price,2015-08-27,5.0,5.0,3.0,"The investment seeks long-term capital growth. The fund invests primarily in a diversified group of small, emerging growth companies, preferably early in their corporate life cycle before the companies become widely recognized by the investment community. It may also invest in companies that offer the possibility of accelerating earnings growth because of rejuvenated management, new products, or structural changes in the economy.",Growth,Medium,USD,4.0,,34030000000.0,"T. Rowe Price Gov. Reserve: 2.76, Paylocity Holding Corp: 2.72, Veeva Systems Inc Class A: 2.49, Coupa Software Inc: 2.44, Eurofins Scientific SE: 2.32, Waste Connections Inc: 2.27, CoStar Group Inc: 2.24, Cable One Inc: 2.20, MSCI Inc: 2.20, Booz Allen Hamilton Holding Corp Class A: 2.14",36.02,20.47,1.67
2088,BGSRX,BlackRock Technology Opportunities Fund Class R Shares,BlackRock,2008-09-08,5.0,5.0,4.0,"The investment seeks long-term capital appreciation. The fund invests at least 80% of its net assets in equity securities issued by U.S. and non-U.S. technology companies in all market capitalization ranges, selected for their rapid and sustainable growth potential from the development, advancement and use of technology. It may invest in both developed and emerging markets. The fund invests primarily in common stock but may also invest in preferred stock and convertible securities. It may also invest in Rule 144A securities, which are privately placed securities purchased by qualified institutional buyers.",Growth,Large,USD,10.0,1.0,6040000000.0,"BlackRock Liquidity T-Fund Instl: 5.67, Apple Inc: 4.30, Microsoft Corp: 3.61, Amazon.com Inc: 2.68, Alibaba Group Holding Ltd ADR: 2.23, Tesla Inc: 2.23, Tencent Holdings Ltd: 1.92, Square Inc A: 1.76, PayPal Holdings Inc: 1.67, LG Chem Ltd: 1.58",51.23,19.96,1.66
5635,FAGAX,Fidelity Advisor Growth Opportunities Fund Class A,Fidelity Investments,1996-09-02,5.0,5.0,5.0,"The investment seeks capital growth. The fund normally invests primarily in common stocks. It invests in companies that the advisor believes have above-average growth potential (stocks of these companies are often called ""growth"" stocks). The fund invests in domestic and foreign issuers. It uses fundamental analysis of factors such as each issuer's financial condition and industry position, as well as market and economic conditions to select investments.",Growth,Large,USD,18.0,5.0,15740000000.0,"Microsoft Corp: 8.36, Amazon.com Inc: 6.32, Apple Inc: 4.36, Facebook Inc A: 3.40, Alphabet Inc Class C: 3.30, Tesla Inc: 3.18, NVIDIA Corp: 2.40, Carvana Co Class A: 2.36, Roku Inc Class A: 2.00, T-Mobile US Inc: 1.93",38.9,20.17,1.66
6071,FELTX,Fidelity Advisor Semiconductors Fund Class M,Fidelity Investments,2000-12-26,3.0,4.0,5.0,"The investment seeks capital appreciation. The fund normally invests primarily in common stocks. It normally invests at least 80% of assets in securities of companies principally engaged in the design, manufacture, or sale of semiconductors and semiconductor equipment. The fund invests in domestic and foreign issuers. It uses fundamental analysis of factors such as each issuer's financial condition and industry position, as well as market and economic conditions, to select investments. The fund is non-diversified.",Blend,Large,USD,13.0,6.0,387310000.0,"NVIDIA Corp: 23.30, Qualcomm Inc: 7.29, Intel Corp: 6.77, Broadcom Inc: 5.82, NXP Semiconductors NV: 4.88, Marvell Technology Group Ltd: 4.73, Microchip Technology Inc: 4.35, Lam Research Corp: 4.19, ON Semiconductor Corp: 4.14, Micron Technology Inc: 4.12",16.82,19.3,1.66
18606,PRNHX,T. Rowe Price New Horizons Fund,T. Rowe Price,1960-06-02,5.0,5.0,3.0,"The investment seeks long-term capital growth. The fund invests primarily in a diversified group of small, emerging growth companies, preferably early in their corporate life cycle before the companies become widely recognized by the investment community. It may also invest in companies that offer the possibility of accelerating earnings growth because of rejuvenated management, new products, or structural changes in the economy.",Growth,Medium,USD,45.0,14.0,34030000000.0,"T. Rowe Price Gov. Reserve: 2.76, Paylocity Holding Corp: 2.72, Veeva Systems Inc Class A: 2.49, Coupa Software Inc: 2.44, Eurofins Scientific SE: 2.32, Waste Connections Inc: 2.27, CoStar Group Inc: 2.24, Cable One Inc: 2.20, MSCI Inc: 2.20, Booz Allen Hamilton Holding Corp Class A: 2.14",35.89,20.39,1.66
18739,PSGCX,Virtus KAR Small-Cap Growth Fund Class C,Virtus,2006-06-27,5.0,5.0,1.0,"The investment seeks long-term capital appreciation. Under normal circumstances, the fund invests at least 80% of its assets in common stocks of small market capitalization companies. It pursues long-term capital appreciation in the small capitalization market while seeking to incur less risk than the small capitalization growth market. The fund invests in a select group of small market capitalization companies believed by the fund's subadviser to possess sustainable competitive advantages at prices the subadviser deems attractive.",Growth,Medium,USD,11.0,2.0,6640000000.0,"Ollie's Bargain Outlet Holdings Inc: 7.98, Auto Trader Group PLC: 6.47, Old Dominion Freight Line Inc Ordinary Shares: 6.27, Autohome Inc ADR: 5.69, Fox Factory Holding Corp: 5.41, MarketAxess Holdings Inc: 5.20, Bill.com Holdings Inc Ordinary Shares: 5.19, Rightmove PLC: 4.65, BlackLine Inc: 4.44, Avalara Inc: 4.32",26.31,20.47,1.66
9211,HCPIX,ProFunds UltraSector Health Care Fund Investor Class,ProFunds,2000-06-18,2.0,3.0,5.0,"The investment seeks daily investment results, before fees and expenses, that correspond to one and one-half times (1.5x) the daily performance of the Dow Jones U.S. Health CareSM Index. The fund invests in financial instruments that the adviser believes, in combination, should produce daily returns consistent with its investment objective. The index seeks to measure the performance of certain companies in the healthcare sector of the U.S. equity market. The fund is non-diversified.",Blend,Large,USD,15.0,4.0,14520000.0,"Soc 0.035% , 8/3/2020: 15.42, Royal Bank of Canada 0.02%: 6.17, Johnson & Johnson: 6.02, Cra 0.025% , 8/3/2020: 5.55, UnitedHealth Group Inc: 4.50, Pfizer Inc: 3.35, Merck & Co Inc: 3.18, Abbott Laboratories: 2.79, AbbVie Inc: 2.62, Thermo Fisher Scientific Inc: 2.56",-1.24,19.39,1.65
20399,RYCVX,Rydex Dow 2x Strategy Fund Class H,Rydex Funds,2004-02-19,3.0,4.0,5.0,"The investment seeks to provide investment results that match, before fees and expenses, 200% of the performance of the Dow Jones Industrial Average on a daily basis. The fund employs as its investment strategy a program of investing in the common stock of companies that are generally within the capitalization range of the underlying index and derivative instruments. It will invest at least 80% of its net assets, plus any borrowings for investment purposes, in financial instruments with economic characteristics that should perform similarly to the securities of companies in the underlying index. The fund is non-diversified.",Value,Large,USD,11.0,4.0,36730000.0,"Apple Inc: 8.24, United States Treasury Bills 0.14%: 6.96, UnitedHealth Group Inc: 6.66, The Home Depot Inc: 5.66, Microsoft Corp: 4.60, Goldman Sachs Group Inc: 4.46, Visa Inc Class A: 4.36, McDonald's Corp: 4.17, Boeing Co: 4.14, 3M Co: 3.52",-23.56,17.23,1.65
20461,RYLDX,Rydex Dow 2x Strategy Fund Class A,Rydex Funds,2004-08-31,3.0,4.0,5.0,"The investment seeks to provide investment results that match, before fees and expenses, 200% of the performance of the Dow Jones Industrial Average on a daily basis. The fund employs as its investment strategy a program of investing in the common stock of companies that are generally within the capitalization range of the underlying index and derivative instruments. It will invest at least 80% of its net assets, plus any borrowings for investment purposes, in financial instruments with economic characteristics that should perform similarly to the securities of companies in the underlying index. The fund is non-diversified.",Value,Large,USD,11.0,4.0,36730000.0,"Apple Inc: 8.24, United States Treasury Bills 0.14%: 6.96, UnitedHealth Group Inc: 6.66, The Home Depot Inc: 5.66, Microsoft Corp: 4.60, Goldman Sachs Group Inc: 4.46, Visa Inc Class A: 4.36, McDonald's Corp: 4.17, Boeing Co: 4.14, 3M Co: 3.52",-23.57,17.25,1.65
23287,UDPIX,ProFunds Ultra Dow 30 Fund Investor Class,ProFunds,2002-06-02,2.0,4.0,5.0,"The investment seeks daily investment results, before fees and expenses, that correspond to two times (2x) the daily performance of the Dow Jones Industrial AverageSM. The fund invests in financial instruments that ProFund Advisors believes, in combination, should produce daily returns consistent with the fund's investment objective. The index is a price-weighted index and includes 30 large-cap, ""blue-chip"" U.S. stocks, excluding utility and transportation companies. The fund is non-diversified.",Value,Large,USD,13.0,4.0,23130000.0,"Soc 0.035% , 8/3/2020: 18.90, Royal Bank of Canada 0.02%: 7.55, Cra 0.025% , 8/3/2020: 6.80, Apple Inc: 6.40, UnitedHealth Group Inc: 4.56, The Home Depot Inc: 4.00, Microsoft Corp: 3.09, Cib 0.01% , 8/3/2020: 3.02, Hsb 0.015% , 8/3/2020: 3.02, Goldman Sachs Group Inc: 2.98",-24.38,17.22,1.65
5640,FAGOX,Fidelity Advisor Growth Opportunities Fund Class M,Fidelity Investments,1987-11-17,5.0,5.0,5.0,"The investment seeks capital growth. The fund normally invests primarily in common stocks. It invests in companies that the advisor believes have above-average growth potential (stocks of these companies are often called ""growth"" stocks). The fund invests in domestic and foreign issuers. It uses fundamental analysis of factors such as each issuer's financial condition and industry position, as well as market and economic conditions to select investments.",Growth,Large,USD,26.0,6.0,15740000000.0,"Microsoft Corp: 8.36, Amazon.com Inc: 6.32, Apple Inc: 4.36, Facebook Inc A: 3.40, Alphabet Inc Class C: 3.30, Tesla Inc: 3.18, NVIDIA Corp: 2.40, Carvana Co Class A: 2.36, Roku Inc Class A: 2.00, T-Mobile US Inc: 1.93",38.62,19.91,1.64
5790,FBTAX,Fidelity Advisor Biotechnology Fund Class A,Fidelity Investments,2000-12-26,3.0,3.0,5.0,"The investment seeks capital appreciation. The fund invests primarily in common stocks. It normally invests at least 80% of assets in securities of companies principally engaged in the research, development, manufacture, and distribution of various biotechnological products, services, and processes, and companies that benefit significantly from scientific and technological advances in biotechnology. The fund invests in domestic and foreign issuers. It uses fundamental analysis of factors such as each issuer's financial condition and industry position, as well as market and economic conditions, to select investments. The fund is non-diversified.",Growth,Large,USD,14.0,5.0,2410000000.0,"AbbVie Inc: 17.87, Vertex Pharmaceuticals Inc: 7.59, Regeneron Pharmaceuticals Inc: 7.38, Amgen Inc: 4.68, Alexion Pharmaceuticals Inc: 4.11, argenx SE ADR: 3.74, Ascendis Pharma A/S ADR: 3.06, Alnylam Pharmaceuticals Inc: 2.99, Neurocrine Biosciences Inc: 2.70, Exelixis Inc: 2.27",12.88,18.35,1.64
7365,FSCSX,Fidelity Select Software & IT Services Portfolio,Fidelity Investments,1985-07-28,5.0,4.0,2.0,"The investment seeks capital appreciation. The fund invests primarily in common stocks. It normally invests at least 80% of assets in securities of companies principally engaged in research, design, production, or distribution of products or processes that relate to software or information-based services. The fund invests in domestic and foreign issuers. It uses fundamental analysis of factors such as each issuer's financial condition and industry position, as well as market and economic conditions, to select investments. The fund is non-diversified.",Growth,Large,USD,30.0,4.0,10390000000.0,"Microsoft Corp: 23.62, Visa Inc Class A: 6.44, Adobe Inc: 6.30, Salesforce.com Inc: 5.82, Mastercard Inc A: 5.56, PayPal Holdings Inc: 4.75, Fidelity Revere Str Tr: 2.66, Alphabet Inc A: 2.36, Cognizant Technology Solutions Corp A: 2.25, Autodesk Inc: 2.19",23.15,19.99,1.64
22440,THISX,T. Rowe Price Health Sciences Fund I Class,T. Rowe Price,2016-03-22,4.0,4.0,3.0,"The investment seeks long-term capital appreciation. The fund will normally invest at least 80% of its net assets (including any borrowings for investment purposes) in the common stocks of companies engaged in the research, development, production, or distribution of products or services related to health care, medicine, or the life sciences (collectively termed ""health sciences""). While the fund can invest in companies of any size, the majority of fund assets are expected to be invested in large- and mid-capitalization companies. It is non-diversified.",Growth,Large,USD,3.0,,15100000000.0,,13.09,19.73,1.63
4839,DXRLX,Direxion Monthly Small Cap Bull 2X Fund,Direxion Funds,1999-02-21,2.0,2.0,5.0,"The investment seeks monthly investment results, before fees and expenses, of 200% of the calendar month performance of the Russell 2000 Index. The fund, under normal circumstances, invests at least 80% of its net assets (plus borrowing for investment purposes) in securities of the index, exchange-traded funds that track the index and other financial instruments that provide monthly exposure to the index or ETFs that track the index. The index measures the performance of approximately 2,000 small-capitalization companies in the Russell 3000 Index, based on a combination of their market capitalization and current index membership. The fund is non-diversified.",Blend,Small,USD,12.0,8.0,9620000.0,"542400rtycs12102020: 182.99, Fidelity Inv MM Fds Government Instl: 20.44, iShares Russell 2000 ETF: 7.54",-24.34,13.27,1.62
5794,FBTTX,Fidelity Advisor Biotechnology Fund Class M,Fidelity Investments,2000-12-26,3.0,3.0,5.0,"The investment seeks capital appreciation. The fund invests primarily in common stocks. It normally invests at least 80% of assets in securities of companies principally engaged in the research, development, manufacture, and distribution of various biotechnological products, services, and processes, and companies that benefit significantly from scientific and technological advances in biotechnology. The fund invests in domestic and foreign issuers. It uses fundamental analysis of factors such as each issuer's financial condition and industry position, as well as market and economic conditions, to select investments. The fund is non-diversified.",Growth,Large,USD,14.0,5.0,2410000000.0,"AbbVie Inc: 17.87, Vertex Pharmaceuticals Inc: 7.59, Regeneron Pharmaceuticals Inc: 7.38, Amgen Inc: 4.68, Alexion Pharmaceuticals Inc: 4.11, argenx SE ADR: 3.74, Ascendis Pharma A/S ADR: 3.06, Alnylam Pharmaceuticals Inc: 2.99, Neurocrine Biosciences Inc: 2.70, Exelixis Inc: 2.27",12.62,17.98,1.62
6068,FELCX,Fidelity Advisor Semiconductors Fund Class C,Fidelity Investments,2000-12-26,3.0,4.0,5.0,"The investment seeks capital appreciation. The fund normally invests primarily in common stocks. It normally invests at least 80% of assets in securities of companies principally engaged in the design, manufacture, or sale of semiconductors and semiconductor equipment. The fund invests in domestic and foreign issuers. It uses fundamental analysis of factors such as each issuer's financial condition and industry position, as well as market and economic conditions, to select investments. The fund is non-diversified.",Blend,Large,USD,13.0,6.0,387310000.0,"NVIDIA Corp: 23.30, Qualcomm Inc: 7.29, Intel Corp: 6.77, Broadcom Inc: 5.82, NXP Semiconductors NV: 4.88, Marvell Technology Group Ltd: 4.73, Microchip Technology Inc: 4.35, Lam Research Corp: 4.19, ON Semiconductor Corp: 4.14, Micron Technology Inc: 4.12",16.35,18.74,1.62
6234,FGCKX,Fidelity Growth Company Fund Class K,Fidelity Investments,2008-05-08,5.0,5.0,5.0,"The investment seeks capital appreciation. The fund invests primarily in common stocks. It invests in companies that the advisor believes have above-average growth potential (stocks of these companies are often called ""growth"" stocks). The fund invests in domestic and foreign issuers. It uses fundamental analysis of factors such as each issuer's financial condition and industry position, as well as market and economic conditions to select investments.",Growth,Large,USD,10.0,1.0,54770000000.0,"NVIDIA Corp: 8.59, Apple Inc: 7.17, Amazon.com Inc: 7.02, Microsoft Corp: 4.41, Lululemon Athletica Inc: 3.67, Shopify Inc A: 3.66, Salesforce.com Inc: 3.27, Alphabet Inc A: 3.02, Tesla Inc: 2.15, Wayfair Inc Class A: 2.02",41.84,19.57,1.62
18563,PRHSX,T. Rowe Price Health Sciences Fund,T. Rowe Price,1995-12-28,5.0,5.0,4.0,"The investment seeks long-term capital appreciation. The fund will normally invest at least 80% of its net assets (including any borrowings for investment purposes) in the common stocks of companies engaged in the research, development, production, or distribution of products or services related to health care, medicine, or the life sciences (collectively termed ""health sciences""). While the fund can invest in companies of any size, the majority of fund assets are expected to be invested in large- and mid-capitalization companies. It is non-diversified.",Growth,Large,USD,20.0,4.0,15100000000.0,"UnitedHealth Group Inc: 6.10, Thermo Fisher Scientific Inc: 4.43, Intuitive Surgical Inc: 4.24, Vertex Pharmaceuticals Inc: 3.69, Merck & Co Inc: 3.57, Danaher Corp: 2.78, Becton, Dickinson and Co: 2.52, Stryker Corp: 2.27, Humana Inc: 2.20, Eli Lilly and Co: 2.18",12.98,19.67,1.62
18774,PSLDX,PIMCO StocksPLUS Long Duration Fund Institutional Class,PIMCO,2007-08-30,5.0,5.0,5.0,"The investment seeks total return which exceeds that of its benchmarks, consistent with prudent investment management. The fund seeks to exceed the total return of its benchmark indexes, the S&P 500 Index and a secondary blended index, by investing under normal circumstances in S&P 500 Index derivatives, backed by a diversified portfolio of long-term Fixed Income Instruments. ""Fixed Income Instruments"" include bonds, debt securities and other similar instruments issued by various U.S. and non-U.S. public- or private-sector entities.",Blend,Large,USD,9.0,3.0,900830000.0,"E-mini S&P 500 Future Sept 20: 45.46, United States Treasury Bonds 2.38%: 19.09, Sptr Trs Equity 3ml+9 Fbf: 7.85, Sptr Trs Equity 3ml+0 Far: 6.66, Federal National Mortgage Association 2.5%: 5.92, Sptr Trs Equity 3ml-2 Cbk: 5.81, Sptr Trs Equity 3ml+19 Bps: 5.47, United States Treasury Bonds 1.25%: 5.30, Australian Sorghum Future Sept 20: 5.27, Sptr Trs Equity 3ml+15 Boa: 5.25",13.07,19.83,1.62
2085,BGSCX,BlackRock Technology Opportunities Fund Investor C Shares,BlackRock,2000-05-14,5.0,5.0,4.0,"The investment seeks long-term capital appreciation. The fund invests at least 80% of its net assets in equity securities issued by U.S. and non-U.S. technology companies in all market capitalization ranges, selected for their rapid and sustainable growth potential from the development, advancement and use of technology. It may invest in both developed and emerging markets. The fund invests primarily in common stock but may also invest in preferred stock and convertible securities. It may also invest in Rule 144A securities, which are privately placed securities purchased by qualified institutional buyers.",Growth,Large,USD,15.0,4.0,6040000000.0,"BlackRock Liquidity T-Fund Instl: 5.67, Apple Inc: 4.30, Microsoft Corp: 3.61, Amazon.com Inc: 2.68, Alibaba Group Holding Ltd ADR: 2.23, Tesla Inc: 2.23, Tencent Holdings Ltd: 1.92, Square Inc A: 1.76, PayPal Holdings Inc: 1.67, LG Chem Ltd: 1.58",50.62,19.3,1.61
5981,FDGRX,Fidelity Growth Company,Fidelity Investments,1983-01-16,5.0,5.0,5.0,"The investment seeks capital appreciation. The fund invests primarily in common stocks. It invests in companies that the advisor believes have above-average growth potential (stocks of these companies are often called ""growth"" stocks). The fund invests in domestic and foreign issuers. It uses fundamental analysis of factors such as each issuer's financial condition and industry position, as well as market and economic conditions to select investments.",Growth,Large,USD,28.0,8.0,54770000000.0,"NVIDIA Corp: 8.59, Apple Inc: 7.17, Amazon.com Inc: 7.02, Microsoft Corp: 4.41, Lululemon Athletica Inc: 3.67, Shopify Inc A: 3.66, Salesforce.com Inc: 3.27, Alphabet Inc A: 3.02, Tesla Inc: 2.15, Wayfair Inc Class A: 2.02",41.71,19.44,1.61
3170,CGTUX,Columbia Global Technology Growth Fund Institutional 3 Class,Columbia,2016-02-29,4.0,3.0,2.0,"The investment seeks capital appreciation. The fund invests at least 80% of its net assets (including the amount of any borrowings for investment purposes) in equity securities (including, but not limited to, common stocks, preferred stocks and securities convertible into common or preferred stocks) of technology companies that may benefit from technological improvements, advancements or developments. It invests at least 25% of the value of its total net assets at the time of purchase in the securities of issuers conducting their principal business activities in the technology and related group of industries.",Growth,Large,USD,2.0,1.0,2310000000.0,"Apple Inc: 9.27, Microsoft Corp: 7.97, Amazon.com Inc: 5.22, Alphabet Inc A: 3.48, NVIDIA Corp: 3.01, Visa Inc Class A: 3.01, Mastercard Inc A: 2.67, Columbia Short-Term Cash: 2.29, Lam Research Corp: 2.19, Alibaba Group Holding Ltd ADR: 2.14",25.73,19.32,1.6
3456,CMTFX,Columbia Global Technology Growth Fund Institutional Class,Columbia,2000-11-08,5.0,4.0,3.0,"The investment seeks capital appreciation. The fund invests at least 80% of its net assets (including the amount of any borrowings for investment purposes) in equity securities (including, but not limited to, common stocks, preferred stocks and securities convertible into common or preferred stocks) of technology companies that may benefit from technological improvements, advancements or developments. It invests at least 25% of the value of its total net assets at the time of purchase in the securities of issuers conducting their principal business activities in the technology and related group of industries.",Growth,Large,USD,14.0,5.0,2310000000.0,"Apple Inc: 9.27, Microsoft Corp: 7.97, Amazon.com Inc: 5.22, Alphabet Inc A: 3.48, NVIDIA Corp: 3.01, Visa Inc Class A: 3.01, Mastercard Inc A: 2.67, Columbia Short-Term Cash: 2.29, Lam Research Corp: 2.19, Alibaba Group Holding Ltd ADR: 2.14",25.6,19.26,1.6
3872,CTHRX,Columbia Global Technology Growth Fund Institutional 2 Class,Columbia,2012-11-07,4.0,4.0,2.0,"The investment seeks capital appreciation. The fund invests at least 80% of its net assets (including the amount of any borrowings for investment purposes) in equity securities (including, but not limited to, common stocks, preferred stocks and securities convertible into common or preferred stocks) of technology companies that may benefit from technological improvements, advancements or developments. It invests at least 25% of the value of its total net assets at the time of purchase in the securities of issuers conducting their principal business activities in the technology and related group of industries.",Growth,Large,USD,6.0,1.0,2310000000.0,"Apple Inc: 9.27, Microsoft Corp: 7.97, Amazon.com Inc: 5.22, Alphabet Inc A: 3.48, NVIDIA Corp: 3.01, Visa Inc Class A: 3.01, Mastercard Inc A: 2.67, Columbia Short-Term Cash: 2.29, Lam Research Corp: 2.19, Alibaba Group Holding Ltd ADR: 2.14",25.67,19.36,1.6
3903,CTYRX,Columbia Global Technology Growth Fund Advisor Class,Columbia,2012-11-07,4.0,4.0,2.0,"The investment seeks capital appreciation. The fund invests at least 80% of its net assets (including the amount of any borrowings for investment purposes) in equity securities (including, but not limited to, common stocks, preferred stocks and securities convertible into common or preferred stocks) of technology companies that may benefit from technological improvements, advancements or developments. It invests at least 25% of the value of its total net assets at the time of purchase in the securities of issuers conducting their principal business activities in the technology and related group of industries.",Growth,Large,USD,6.0,1.0,2310000000.0,"Apple Inc: 9.27, Microsoft Corp: 7.97, Amazon.com Inc: 5.22, Alphabet Inc A: 3.48, NVIDIA Corp: 3.01, Visa Inc Class A: 3.01, Mastercard Inc A: 2.67, Columbia Short-Term Cash: 2.29, Lam Research Corp: 2.19, Alibaba Group Holding Ltd ADR: 2.14",25.58,19.25,1.6
5601,FACGX,Fidelity Advisor Growth Opportunities Fund Class C,Fidelity Investments,1997-11-02,5.0,5.0,5.0,"The investment seeks capital growth. The fund normally invests primarily in common stocks. It invests in companies that the advisor believes have above-average growth potential (stocks of these companies are often called ""growth"" stocks). The fund invests in domestic and foreign issuers. It uses fundamental analysis of factors such as each issuer's financial condition and industry position, as well as market and economic conditions to select investments.",Growth,Large,USD,17.0,5.0,15740000000.0,"Microsoft Corp: 8.36, Amazon.com Inc: 6.32, Apple Inc: 4.36, Facebook Inc A: 3.40, Alphabet Inc Class C: 3.30, Tesla Inc: 3.18, NVIDIA Corp: 2.40, Carvana Co Class A: 2.36, Roku Inc Class A: 2.00, T-Mobile US Inc: 1.93",38.04,19.28,1.6
13046,LMIYX,Lord Abbett Micro Cap Growth Fund Class I,Lord Abbett,1999-07-08,5.0,5.0,5.0,"The investment seeks long-term capital appreciation. Under normal conditions, the fund invests at least 80% of its net assets, plus the amount of any borrowings for investment purposes, in equity securities of micro-cap companies. It uses fundamental analysis to look for micro-cap companies that appear to have the potential for more rapid growth than the overall economy.",Growth,Small,USD,15.0,5.0,115030000.0,"Fiverr International Ltd: 2.78, Silk Road Medical Inc: 2.76, Cerence Inc Ordinary Shares: 2.60, LGI Homes Inc: 2.23, Calix Inc: 2.21, Twist Bioscience Corp: 2.13, Malibu Boats Inc Class A: 2.12, TG Therapeutics Inc: 2.05, Axonics Modulation Technologies Inc: 2.01, Inspire Medical Systems Inc: 1.97",32.09,17.83,1.6
23547,VCHSX,VALIC Company I Health Sciences Fund,VALIC,2000-10-31,5.0,5.0,4.0,"The investment seeks long-term capital growth. The fund normally invests at least 80% of its net assets in the common stocks of companies engaged in the research, development, production, or distribution of products or services related to health care, medicine, or the life sciences (collectively termed ""health sciences""). While the fund can invest in companies of any size, the majority of fund assets are expected to be invested in large- and mid-cap companies. The fund may invest up to 35% of its total assets in foreign stocks, which include non-dollar denominated securities traded outside the U.S.",Growth,Large,USD,15.0,4.0,865840000.0,"UnitedHealth Group Inc: 5.58, Intuitive Surgical Inc: 4.08, Thermo Fisher Scientific Inc: 4.03, Vertex Pharmaceuticals Inc: 3.60, Merck & Co Inc: 3.42, Becton, Dickinson and Co: 2.53, Danaher Corp: 2.49, Regeneron Pharmaceuticals Inc: 2.12, Eli Lilly and Co: 2.04, Amgen Inc: 2.02",12.65,19.35,1.6
4197,DFDIX,Delaware Smid Cap Growth Fund Institutional Class,Delaware Funds by Macquarie,1992-11-08,5.0,5.0,5.0,"The investment seeks long-term capital appreciation. The fund invests primarily in common stocks of growth-oriented companies that the manager believes have long-term capital appreciation potential and expects to grow faster than the U.S. economy. Under normal circumstances, the fund invests at least 80% of its net assets, plus the amount of any borrowings for investment purposes, in equity securities of small- and mid-capitalization companies (80% policy).",Growth,Medium,USD,21.0,6.0,3610000000.0,"Exact Sciences Corp: 4.83, NovoCure Ltd: 4.43, iRhythm Technologies Inc: 4.32, DraftKings Inc Ordinary Shares - Class A: 4.20, Invitae Corp: 4.17, TopBuild Corp: 3.86, Pacira BioSciences Inc: 3.84, Progyny Inc: 3.78, RingCentral Inc Class A: 3.78, YETI Holdings Inc: 3.75",53.73,18.82,1.59
12513,LAMGX,Lord Abbett Micro Cap Growth Fund Class A,Lord Abbett,2000-04-30,5.0,5.0,5.0,"The investment seeks long-term capital appreciation. Under normal conditions, the fund invests at least 80% of its net assets, plus the amount of any borrowings for investment purposes, in equity securities of micro-cap companies. It uses fundamental analysis to look for micro-cap companies that appear to have the potential for more rapid growth than the overall economy.",Growth,Small,USD,15.0,4.0,115030000.0,"Fiverr International Ltd: 2.78, Silk Road Medical Inc: 2.76, Cerence Inc Ordinary Shares: 2.60, LGI Homes Inc: 2.23, Calix Inc: 2.21, Twist Bioscience Corp: 2.13, Malibu Boats Inc Class A: 2.12, TG Therapeutics Inc: 2.05, Axonics Modulation Technologies Inc: 2.01, Inspire Medical Systems Inc: 1.97",31.9,17.75,1.59
14576,MMCGX,Morgan Stanley Institutional Fund Trust Discovery Portfolio Class IS,Morgan Stanley,2013-09-12,5.0,5.0,5.0,The investment seeks long-term capital growth. The fund's Adviser seeks long-term capital growth by investing primarily in established and emerging companies with capitalizations within the range of companies included in the Russell Midcap Growth Index. The Adviser seeks to invest in high quality companies it believes have sustainable competitive advantages and the ability to redeploy capital at high rates of return.,Growth,Large,USD,4.0,2.0,3300000000.0,"Shopify Inc A: 6.70, Spotify Technology SA: 5.04, Zoom Video Communications Inc: 4.96, Coupa Software Inc: 4.84, Square Inc A: 4.55, Veeva Systems Inc Class A: 4.20, Twilio Inc A: 4.00, MongoDB Inc Class A: 3.99, Okta Inc A: 3.84, The Trade Desk Inc A: 3.82",96.55,18.33,1.59
20401,RYCYX,Rydex Dow 2x Strategy Fund Class C,Rydex Funds,2004-02-19,3.0,4.0,5.0,"The investment seeks to provide investment results that match, before fees and expenses, 200% of the performance of the Dow Jones Industrial Average on a daily basis. The fund employs as its investment strategy a program of investing in the common stock of companies that are generally within the capitalization range of the underlying index and derivative instruments. It will invest at least 80% of its net assets, plus any borrowings for investment purposes, in financial instruments with economic characteristics that should perform similarly to the securities of companies in the underlying index. The fund is non-diversified.",Value,Large,USD,11.0,4.0,36730000.0,"Apple Inc: 8.24, United States Treasury Bills 0.14%: 6.96, UnitedHealth Group Inc: 6.66, The Home Depot Inc: 5.66, Microsoft Corp: 4.60, Goldman Sachs Group Inc: 4.46, Visa Inc Class A: 4.36, McDonald's Corp: 4.17, Boeing Co: 4.14, 3M Co: 3.52",-24.04,16.37,1.59
4277,DFZRX,Delaware Smid Cap Growth Fund Class R6,Delaware Funds by Macquarie,2016-05-01,5.0,5.0,5.0,"The investment seeks long-term capital appreciation. The fund invests primarily in common stocks of growth-oriented companies that the manager believes have long-term capital appreciation potential and expects to grow faster than the U.S. economy. Under normal circumstances, the fund invests at least 80% of its net assets, plus the amount of any borrowings for investment purposes, in equity securities of small- and mid-capitalization companies (80% policy).",Growth,Medium,USD,3.0,,3610000000.0,"Exact Sciences Corp: 4.83, NovoCure Ltd: 4.43, iRhythm Technologies Inc: 4.32, DraftKings Inc Ordinary Shares - Class A: 4.20, Invitae Corp: 4.17, TopBuild Corp: 3.86, Pacira BioSciences Inc: 3.84, Progyny Inc: 3.78, RingCentral Inc Class A: 3.78, YETI Holdings Inc: 3.75",53.83,18.69,1.58
5477,ETILX,Eventide Gilead Class I,Eventide Funds,2010-02-01,5.0,5.0,5.0,"The investment seeks to provide long-term capital appreciation. Normally, the fund invests primarily in a broad range of equity securities without limitation to market capitalization. It may invest without limitation in securities in companies domiciled outside the United States either directly or through ADRs. From time to time, the fund may invest a substantial portion of its assets in the stock of companies in one or more sectors of the economy, such as the technology, industrial, healthcare and life sciences sectors.",Growth,Medium,USD,7.0,2.0,3690000000.0,"Us Bank Mmda - Usbgfs5: 5.98, Ascendis Pharma A/S ADR: 5.30, Five9 Inc: 4.06, The Trade Desk Inc A: 3.89, Wayfair Inc Class A: 3.61, CrowdStrike Holdings Inc Class A: 3.16, Exact Sciences Corp: 2.88, Roper Technologies Inc: 2.82, Twilio Inc A: 2.70, Lowe's Companies Inc: 2.43",32.22,18.59,1.58
5791,FBTCX,Fidelity Advisor Biotechnology Fund Class C,Fidelity Investments,2000-12-26,3.0,3.0,5.0,"The investment seeks capital appreciation. The fund invests primarily in common stocks. It normally invests at least 80% of assets in securities of companies principally engaged in the research, development, manufacture, and distribution of various biotechnological products, services, and processes, and companies that benefit significantly from scientific and technological advances in biotechnology. The fund invests in domestic and foreign issuers. It uses fundamental analysis of factors such as each issuer's financial condition and industry position, as well as market and economic conditions, to select investments. The fund is non-diversified.",Growth,Large,USD,14.0,5.0,2410000000.0,"AbbVie Inc: 17.87, Vertex Pharmaceuticals Inc: 7.59, Regeneron Pharmaceuticals Inc: 7.38, Amgen Inc: 4.68, Alexion Pharmaceuticals Inc: 4.11, argenx SE ADR: 3.74, Ascendis Pharma A/S ADR: 3.06, Alnylam Pharmaceuticals Inc: 2.99, Neurocrine Biosciences Inc: 2.70, Exelixis Inc: 2.27",12.2,17.48,1.58
7442,FSMEX,Fidelity Select Medical Technology and Devices Portfolio,Fidelity Investments,1998-04-27,5.0,5.0,3.0,"The investment seeks capital appreciation. The fund normally invests at least 80% of its assets in securities of companies principally engaged in research, development, manufacture, distribution, supply, or sale of medical equipment, devices, and related technologies, companies enabling drug discovery, and companies providing information technology services primarily to health care providers. It invests primarily in common stocks. The fund invests in domestic and foreign issuers. The fund is non-diversified.",Growth,Large,USD,18.0,3.0,7390000000.0,"Thermo Fisher Scientific Inc: 12.07, Danaher Corp: 10.80, Becton, Dickinson and Co: 6.55, Boston Scientific Corp: 5.74, Intuitive Surgical Inc: 4.70, Insulet Corp: 4.04, Hologic Inc: 3.54, Penumbra Inc: 3.40, DexCom Inc: 3.18, Abbott Laboratories: 2.80",19.28,19.31,1.58
11427,JGLTX,Janus Henderson VIT Global Technology and Innovation Portfolio Institutional Class,Janus Henderson,2000-01-17,5.0,4.0,2.0,"The investment seeks long-term growth of capital. The fund pursues its investment objective by investing, under normal circumstances, at least 80% of its net assets (plus any borrowings for investment purposes) in securities of companies that the portfolio managers believe will benefit significantly from advances or improvements in technology. The fund may invest in a single country. It may have significant exposure to emerging markets. The fund may also invest in U.S. and foreign debt securities.",Growth,Large,USD,15.0,4.0,688680000.0,"Microsoft Corp: 9.38, Apple Inc: 7.12, Amazon.com Inc: 4.77, Adobe Inc: 4.17, Facebook Inc A: 4.14, Mastercard Inc A: 4.13, Salesforce.com Inc: 4.03, Taiwan Semiconductor Manufacturing Co Ltd: 3.94, Texas Instruments Inc: 3.10, ASML Holding NV: 2.99",31.2,19.2,1.58
14856,MPEGX,Morgan Stanley Institutional Fund Trust Discovery Portfolio Class I,Morgan Stanley,1990-03-29,5.0,5.0,5.0,The investment seeks long-term capital growth. The fund's Adviser seeks long-term capital growth by investing primarily in established and emerging companies with capitalizations within the range of companies included in the Russell Midcap Growth Index. The Adviser seeks to invest in high quality companies it believes have sustainable competitive advantages and the ability to redeploy capital at high rates of return.,Growth,Large,USD,21.0,8.0,3300000000.0,"Shopify Inc A: 6.70, Spotify Technology SA: 5.04, Zoom Video Communications Inc: 4.96, Coupa Software Inc: 4.84, Square Inc A: 4.55, Veeva Systems Inc Class A: 4.20, Twilio Inc A: 4.00, MongoDB Inc Class A: 3.99, Okta Inc A: 3.84, The Trade Desk Inc A: 3.82",96.51,18.25,1.58
3858,CTCAX,Columbia Global Technology Growth Fund Class A,Columbia,2002-10-31,4.0,4.0,3.0,"The investment seeks capital appreciation. The fund invests at least 80% of its net assets (including the amount of any borrowings for investment purposes) in equity securities (including, but not limited to, common stocks, preferred stocks and securities convertible into common or preferred stocks) of technology companies that may benefit from technological improvements, advancements or developments. It invests at least 25% of the value of its total net assets at the time of purchase in the securities of issuers conducting their principal business activities in the technology and related group of industries.",Growth,Large,USD,14.0,3.0,2310000000.0,"Apple Inc: 9.27, Microsoft Corp: 7.97, Amazon.com Inc: 5.22, Alphabet Inc A: 3.48, NVIDIA Corp: 3.01, Visa Inc Class A: 3.01, Mastercard Inc A: 2.67, Columbia Short-Term Cash: 2.29, Lam Research Corp: 2.19, Alibaba Group Holding Ltd ADR: 2.14",25.34,18.96,1.57
4193,DFCIX,Delaware Smid Cap Growth Fund Class A,Delaware Funds by Macquarie,1986-03-26,5.0,5.0,5.0,"The investment seeks long-term capital appreciation. The fund invests primarily in common stocks of growth-oriented companies that the manager believes have long-term capital appreciation potential and expects to grow faster than the U.S. economy. Under normal circumstances, the fund invests at least 80% of its net assets, plus the amount of any borrowings for investment purposes, in equity securities of small- and mid-capitalization companies (80% policy).",Growth,Medium,USD,26.0,7.0,3610000000.0,"Exact Sciences Corp: 4.83, NovoCure Ltd: 4.43, iRhythm Technologies Inc: 4.32, DraftKings Inc Ordinary Shares - Class A: 4.20, Invitae Corp: 4.17, TopBuild Corp: 3.86, Pacira BioSciences Inc: 3.84, Progyny Inc: 3.78, RingCentral Inc Class A: 3.78, YETI Holdings Inc: 3.75",53.45,18.52,1.57
